reading_id,machine_id,shift,timestamp,temperature_c,vibration_mm_s,qa_result
R000000,M-19,Night,2025-06-19 17:28:00,81.0,2.28,Pass
R000001,M-17,Morning,2025-06-24 15:46:00,94.7,2.89,Pass
R000002,M-07,morning,2025-06-04 13:39:00,88.0,4.36,Pass
R000003,M-20,Night,2025-06-15 22:17:00,93.8,2.97,Pass
R000004,M-04,NIGHT,2025-06-16 06:15:00,81.2,0.95,Pass
R000005,M-02,Morning,2025-06-13 18:41:00,65.3,2.52,Pass
R000006,M-05,morning,2025-06-09 22:51:00,67.8,3.93,Pass
R000007,M-12,Night,2025-06-26 14:38:00,91.9,4.4,Pass
R000008,M-19,Morning,2025-06-22 18:51:00,70.5,3.2,Fail
R000009,M-01,Morning,2025-06-26 00:54:00,79.5,0.7,Pass
R000010,M-04,Night,2025-06-09 02:19:00,67.8,2.1,Pass
R000011,M-20,Morning,2025-06-18 23:34:00,50.0,0.52,Pass
R000012,M-11,NIGHT,2025-06-16 11:35:00,45.9,4.35,Pass
R000013,M-19,morning,2025-06-21 06:23:00,45.4,3.52,Pass
R000014,M-17,Morning,2025-06-01 01:42:00,79.2,3.19,Pass
R000015,M-17,morning,2025-06-09 08:18:00,55.0,3.33,Pass
R000016,M-10,NIGHT,2025-06-18 22:26:00,63.3,3.55,Fail
R000017,M-20,Night,2025-06-24 11:54:00,50.9,0.32,Pass
R000018,M-04,morning,2025-06-06 15:45:00,72.2,0.86,Pass
R000019,M-03,Evening,2025-06-10 21:10:00,87.6,1.35,Fail
R000020,M-11,Evening,2025-06-20 15:52:00,65.5,3.41,Pass
R000021,M-16,morning,2025-06-10 16:17:00,53.8,3.64,Fail
R000022,M-13,Night,2025-06-25 05:07:00,87.0,1.68,Fail
R000023,M-03,Morning,2025-06-14 15:11:00,79.0,2.99,Pass
R000024,M-09,Morning,2025-06-22 09:42:00,90.2,99.9,Fail
R000025,M-17,Morning,2025-06-19 19:02:00,44.7,3.34,Pass
R000026,M-16,Night,2025-06-18 22:42:00,61.6,3.57,Pass
R000027,M-20,morning,2025-06-13 10:08:00,66.1,3.99,Pass
R000028,M-15,Morning,2025-06-08 17:59:00,55.9,1.23,Pass
R000029,M-14,NIGHT,2025-06-12 03:35:00,83.0,3.7,Fail
R000030,M-05,Night,2025-06-09 23:25:00,61.3,4.95,Pass
R000031,M-05,Night,2025-06-15 19:59:00,69.3,3.67,Pass
R000032,M-16,Evening,2025-06-15 13:43:00,80.1,2.43,Pass
R000033,M-02,morning,2025-06-09 00:05:00,68.7,1.2,Pass
R000034,M-15,morning,2025-06-13 04:45:00,92.1,2.13,Pass
R000035,M-06,morning,2025-06-05 00:18:00,54.3,3.52,Fail
R000036,M-13,Evening,2025-06-05 21:13:00,82.4,2.03,Pass
R000037,M-11,morning,2025-06-14 13:37:00,,2.94,Pass
R000038,M-19,Night,2025-06-03 21:30:00,74.6,4.2,Pass
R000039,M-13,Evening,2025-06-01 18:01:00,43.4,2.03,Pass
R000040,M-05,Morning,2025-06-03 10:46:00,59.7,0.48,Pass
R000041,M-02,morning,2025-06-24 05:30:00,65.4,3.73,Pass
R000042,M-10,NIGHT,2025-06-05 22:04:00,45.0,3.73,Pass
R000043,M-07,morning,2025-06-12 05:04:00,73.2,1.89,Fail
R000044,M-16,Evening,2025-06-28 02:39:00,57.4,3.77,Pass
R000045,M-15,morning,2025-06-22 08:04:00,78.3,1.74,Pass
R000046,M-17,NIGHT,2025-06-27 14:43:00,79.3,0.28,Pass
R000047,M-06,NIGHT,2025-06-28 12:59:00,61.1,3.85,Pass
R000048,M-11,Night,2025-06-25 23:45:00,50.1,4.13,Pass
R000049,M-01,Morning,2025-06-06 19:02:00,71.6,1.16,Pass
R000050,M-07,Evening,2025-06-18 19:10:00,68.0,1.06,Pass
R000051,M-14,Morning,2025-06-08 03:03:00,43.5,2.23,Pass
R000052,M-03,Night,2025-06-23 17:49:00,66.5,3.5,Pass
R000053,M-17,Night,2025-06-08 20:43:00,,3.27,Pass
R000054,M-19,Night,2025-06-19 19:50:00,81.4,2.42,Pass
R000055,M-11,NIGHT,2025-06-28 07:23:00,48.6,1.18,Pass
R000056,M-12,Evening,2025-06-25 21:14:00,57.8,2.5,Pass
R000057,M-14,Evening,2025-06-01 06:16:00,83.1,0.84,Fail
R000058,M-18,Evening,2025-06-28 16:29:00,91.1,4.01,Pass
R000059,M-05,NIGHT,2025-06-20 23:19:00,69.0,2.54,Pass
R000060,M-07,Night,2025-06-28 05:51:00,75.7,1.57,Fail
R000061,M-14,NIGHT,2025-06-15 02:23:00,86.8,2.54,Pass
R000062,M-09,Night,2025-06-15 14:34:00,41.9,3.45,Fail
R000063,M-04,Morning,2025-06-06 14:14:00,94.9,4.75,Pass
R000064,M-17,NIGHT,2025-06-03 05:38:00,91.4,2.45,Pass
R000065,M-10,Night,2025-06-02 03:55:00,81.1,1.76,Pass
R000066,M-01,Night,2025-06-25 02:39:00,40.6,0.11,Pass
R000067,M-16,NIGHT,2025-06-23 09:12:00,84.2,1.37,Pass
R000068,M-14,Morning,2025-06-27 18:32:00,51.7,2.7,Pass
R000069,M-13,Evening,2025-06-18 11:32:00,83.2,1.55,Pass
R000070,M-08,Evening,2025-06-11 15:33:00,56.5,2.28,Pass
R000071,M-19,morning,2025-06-11 09:59:00,50.9,2.45,Fail
R000072,M-05,morning,2025-06-08 17:58:00,67.6,3.12,Pass
R000073,M-12,Morning,2025-06-09 06:02:00,52.0,1.52,Pass
R000074,M-08,Night,2025-06-15 06:07:00,42.8,4.82,Pass
R000075,M-20,Night,2025-06-01 09:28:00,,3.2,Pass
R000076,M-16,Evening,2025-06-19 23:09:00,41.5,2.44,Pass
R000077,M-06,NIGHT,2025-06-04 11:03:00,54.8,4.75,Pass
R000078,M-15,Evening,2025-06-19 15:29:00,60.8,2.9,Pass
R000079,M-19,Morning,2025-06-28 14:27:00,70.6,2.25,Pass
R000080,M-16,Evening,2025-06-18 16:44:00,64.0,1.1,Pass
R000081,M-17,NIGHT,2025-06-16 22:22:00,68.8,4.05,Pass
R000082,M-12,morning,2025-06-06 07:12:00,53.5,4.02,Pass
R000083,M-09,Night,2025-06-28 08:22:00,91.3,0.42,Pass
R000084,M-08,NIGHT,2025-06-15 13:40:00,50.0,2.45,Pass
R000085,M-16,morning,2025-06-13 15:17:00,53.0,3.24,Pass
R000086,M-05,Evening,2025-06-24 02:25:00,55.1,2.33,Pass
R000087,M-13,Morning,2025-06-04 16:53:00,91.0,3.8,Pass
R000088,M-11,Night,2025-06-23 10:14:00,72.6,3.38,Fail
R000089,M-05,Evening,2025-06-28 01:30:00,42.2,3.92,Pass
R000090,M-11,NIGHT,2025-06-01 13:25:00,57.6,1.82,Pass
R000091,M-15,Evening,2025-06-18 06:49:00,,1.89,Pass
R000092,M-11,NIGHT,2025-06-04 01:21:00,71.4,1.46,Fail
R000093,M-10,morning,2025-06-06 17:16:00,87.3,3.72,Pass
R000094,M-04,Evening,2025-06-09 13:49:00,73.6,1.31,Pass
R000095,M-14,Night,2025-06-11 18:35:00,51.1,4.4,Fail
R000096,M-12,NIGHT,2025-06-22 11:52:00,57.3,4.54,Pass
R000097,M-19,morning,2025-06-08 02:51:00,67.7,3.68,Pass
R000098,M-20,morning,2025-06-01 00:06:00,68.9,2.84,Pass
R000099,M-16,NIGHT,2025-06-26 02:57:00,48.0,3.54,Pass
R000100,M-07,morning,2025-06-20 08:07:00,53.6,2.98,Pass
R000101,M-15,Evening,2025-06-27 10:39:00,,2.63,Fail
R000102,M-14,morning,2025-06-19 17:55:00,,2.55,Pass
R000103,M-17,Night,2025-06-16 05:53:00,93.7,3.98,Pass
R000104,M-10,Night,2025-06-17 13:21:00,76.4,2.27,Fail
R000105,M-20,morning,2025-06-08 03:34:00,92.0,4.48,Pass
R000106,M-03,Morning,2025-06-21 02:10:00,73.7,3.58,Fail
R000107,M-13,Night,2025-06-07 17:20:00,64.7,0.88,Pass
R000108,M-13,Evening,2025-06-01 17:08:00,58.3,1.59,Pass
R000109,M-12,morning,2025-06-23 17:59:00,46.7,2.35,Pass
R000110,M-07,NIGHT,2025-06-26 01:59:00,86.2,4.79,Pass
R000111,M-06,Night,2025-06-15 08:51:00,70.4,3.61,Pass
R000112,M-02,NIGHT,2025-06-23 19:01:00,56.7,2.52,Pass
R000113,M-07,NIGHT,2025-06-01 02:25:00,60.1,3.73,Pass
R000114,M-20,morning,2025-06-07 11:01:00,64.1,1.16,Pass
R000115,M-02,morning,2025-06-02 02:15:00,59.2,4.01,Pass
R000116,M-14,NIGHT,2025-06-19 21:44:00,64.7,0.42,Fail
R000117,M-18,Morning,2025-06-15 10:52:00,61.3,1.29,Pass
R000118,M-01,Evening,2025-06-23 00:06:00,87.6,2.65,Pass
R000119,M-08,morning,2025-06-26 21:40:00,88.3,2.83,Fail
R000120,M-04,Night,2025-06-27 02:25:00,49.4,0.51,Pass
R000121,M-04,morning,2025-06-11 23:36:00,40.1,4.44,Fail
R000122,M-19,Morning,2025-06-25 02:00:00,60.5,1.16,Pass
R000123,M-18,Night,2025-06-23 20:09:00,51.2,4.32,Pass
R000124,M-14,morning,2025-06-08 08:49:00,50.9,2.03,Pass
R000125,M-14,Morning,2025-06-19 03:54:00,66.1,1.92,Pass
R000126,M-19,Night,2025-06-21 10:19:00,83.2,3.7,Pass
R000127,M-10,Morning,2025-06-01 03:16:00,57.5,3.75,Pass
R000128,M-16,Evening,2025-06-17 02:26:00,93.7,1.54,Fail
R000129,M-11,NIGHT,2025-06-23 20:31:00,70.1,0.23,Pass
R000130,M-11,NIGHT,2025-06-21 08:50:00,48.3,1.78,Pass
R000131,M-12,morning,2025-06-07 18:43:00,42.6,0.2,Pass
R000132,M-04,Morning,2025-06-14 00:40:00,44.7,99.9,Pass
R000133,M-10,NIGHT,2025-06-12 03:16:00,46.4,1.96,Pass
R000134,M-14,Morning,2025-06-04 21:55:00,58.9,1.9,Pass
R000135,M-14,Morning,2025-06-11 12:16:00,75.6,0.18,Pass
R000136,M-15,Night,2025-06-03 01:11:00,42.3,4.37,Pass
R000137,M-11,NIGHT,2025-06-14 16:37:00,41.9,3.24,Fail
R000138,M-05,morning,2025-06-02 01:14:00,62.3,4.47,Pass
R000139,M-13,Night,2025-06-28 14:59:00,83.4,3.16,Pass
R000140,M-14,Night,2025-06-24 00:54:00,92.0,4.61,Fail
R000141,M-13,Evening,2025-06-26 14:18:00,52.0,1.54,Fail
R000142,M-06,Night,2025-06-17 12:17:00,57.9,2.6,Pass
R000143,M-16,Morning,2025-06-24 20:19:00,80.1,1.25,Pass
R000144,M-10,Evening,2025-06-12 20:40:00,55.0,3.22,Pass
R000145,M-13,Evening,2025-06-28 15:31:00,41.9,0.3,Pass
R000146,M-09,Night,2025-06-10 15:15:00,72.5,4.75,Pass
R000147,M-09,NIGHT,2025-06-25 17:54:00,83.9,2.14,Fail
R000148,M-11,Morning,2025-06-14 17:25:00,40.6,2.92,Pass
R000149,M-15,Morning,2025-06-26 16:43:00,71.9,4.73,Fail
R000150,M-03,morning,2025-06-01 15:11:00,92.4,2.56,Pass
R000151,M-13,morning,2025-06-25 06:30:00,90.1,0.6,Pass
R000152,M-08,NIGHT,2025-06-14 09:11:00,60.9,0.63,Fail
R000153,M-18,Morning,2025-06-17 14:29:00,43.0,1.97,Pass
R000154,M-09,morning,2025-06-18 12:34:00,94.7,1.91,Fail
R000155,M-04,Evening,2025-06-16 21:23:00,52.0,0.63,Pass
R000156,M-13,NIGHT,2025-06-23 18:45:00,64.9,0.94,Fail
R000157,M-19,Night,2025-06-23 16:08:00,83.5,3.23,Pass
R000158,M-16,Night,2025-06-17 13:25:00,42.0,0.39,Pass
R000159,M-04,morning,2025-06-11 12:54:00,75.9,0.54,Pass
R000160,M-16,Morning,2025-06-20 07:27:00,42.0,1.46,Pass
R000161,M-03,Night,2025-06-12 11:46:00,64.6,4.49,Pass
R000162,M-02,Night,2025-06-12 22:42:00,82.1,1.91,Pass
R000163,M-09,Night,2025-06-16 16:50:00,77.5,2.55,Fail
R000164,M-20,morning,2025-06-28 03:03:00,55.7,4.93,Pass
R000165,M-03,NIGHT,2025-06-06 05:04:00,85.9,4.67,Pass
R000166,M-18,Morning,2025-06-12 13:45:00,72.7,2.48,Pass
R000167,M-05,Morning,2025-06-28 10:34:00,50.4,2.78,Fail
R000168,M-15,Evening,2025-06-28 01:03:00,61.6,1.69,Fail
R000169,M-10,Evening,2025-06-22 15:04:00,,0.11,Pass
R000170,M-10,Morning,2025-06-15 03:41:00,64.0,4.24,Pass
R000171,M-01,Evening,2025-06-20 19:29:00,78.2,1.03,Fail
R000172,M-10,Evening,2025-06-15 19:35:00,59.4,1.99,Fail
R000173,M-05,morning,2025-06-07 22:30:00,85.7,1.12,Pass
R000174,M-04,Night,2025-06-16 16:28:00,44.0,0.14,Pass
R000175,M-09,Evening,2025-06-17 11:25:00,82.5,4.34,Pass
R000176,M-01,Night,2025-06-19 07:03:00,89.6,2.57,Pass
R000177,M-17,Night,2025-06-24 22:05:00,90.7,3.52,Pass
R000178,M-06,morning,2025-06-04 06:26:00,48.3,1.02,Pass
R000179,M-02,Evening,2025-06-10 15:26:00,66.9,99.9,Fail
R000180,M-05,morning,2025-06-22 09:12:00,48.7,1.31,Fail
R000181,M-14,Evening,2025-06-21 10:14:00,,3.63,Pass
R000182,M-10,morning,2025-06-16 06:43:00,90.1,3.99,Pass
R000183,M-19,Night,2025-06-18 12:18:00,69.6,2.29,Pass
R000184,M-10,NIGHT,2025-06-07 20:59:00,93.7,1.52,Fail
R000185,M-03,Evening,2025-06-19 23:33:00,66.9,3.22,Pass
R000186,M-06,morning,2025-06-19 14:35:00,67.8,3.58,Pass
R000187,M-11,Evening,2025-06-19 09:38:00,75.7,4.5,Fail
R000188,M-06,Morning,2025-06-09 17:02:00,44.2,0.7,Fail
R000189,M-04,morning,2025-06-21 11:43:00,72.8,1.77,Pass
R000190,M-02,Evening,2025-06-26 05:44:00,77.4,1.19,Fail
R000191,M-04,Night,2025-06-05 08:40:00,68.2,0.62,Pass
R000192,M-09,NIGHT,2025-06-01 12:22:00,48.7,2.17,Pass
R000193,M-04,NIGHT,2025-06-11 02:34:00,67.5,4.2,Pass
R000194,M-07,Morning,2025-06-06 00:31:00,,3.9,Fail
R000195,M-19,morning,2025-06-25 18:23:00,90.0,1.86,Fail
R000196,M-09,Morning,2025-06-15 10:49:00,71.9,0.51,Pass
R000197,M-14,Morning,2025-06-23 18:15:00,63.1,1.0,Pass
R000198,M-12,Morning,2025-06-14 04:26:00,61.8,4.76,Pass
R000199,M-06,Evening,2025-06-15 03:37:00,87.5,2.52,Fail
R000200,M-05,Night,2025-06-05 18:25:00,75.1,2.8,Fail
R000201,M-14,Morning,2025-06-12 03:17:00,58.6,4.78,Fail
R000202,M-03,Morning,2025-06-25 02:12:00,55.9,0.48,Pass
R000203,M-20,NIGHT,2025-06-23 14:13:00,90.8,0.19,Fail
R000204,M-20,NIGHT,2025-06-03 22:13:00,42.0,4.99,Pass
R000205,M-12,Evening,2025-06-20 05:38:00,69.2,2.15,Pass
R000206,M-02,NIGHT,2025-06-10 18:12:00,63.0,0.56,Pass
R000207,M-18,Evening,2025-06-06 04:12:00,56.0,2.27,Fail
R000208,M-16,Evening,2025-06-03 10:53:00,68.9,4.87,Pass
R000209,M-09,Evening,2025-06-27 07:56:00,41.0,3.13,Fail
R000210,M-01,Morning,2025-06-16 12:46:00,86.5,3.72,Pass
R000211,M-06,morning,2025-06-02 19:12:00,66.5,3.2,Pass
R000212,M-16,Night,2025-06-24 09:03:00,85.4,4.47,Pass
R000213,M-20,NIGHT,2025-06-25 07:33:00,86.4,3.12,Pass
R000214,M-08,Evening,2025-06-22 00:27:00,52.6,0.67,Pass
R000215,M-06,Evening,2025-06-28 03:03:00,83.2,1.12,Fail
R000216,M-19,morning,2025-06-08 22:46:00,93.0,1.71,Pass
R000217,M-04,Night,2025-06-27 23:20:00,76.9,3.41,Pass
R000218,M-16,Night,2025-06-14 06:32:00,52.9,0.52,Pass
R000219,M-10,Night,2025-06-28 07:31:00,54.8,2.78,Pass
R000220,M-16,NIGHT,2025-06-08 21:43:00,80.5,1.42,Pass
R000221,M-07,morning,2025-06-19 17:01:00,94.3,4.2,Fail
R000222,M-16,Night,2025-06-17 08:38:00,93.8,3.28,Pass
R000223,M-09,Night,2025-06-25 18:21:00,53.4,2.51,Pass
R000224,M-01,morning,2025-06-22 03:39:00,93.3,3.12,Pass
R000225,M-07,Morning,2025-06-21 04:44:00,83.4,0.57,Pass
R000226,M-08,Night,2025-06-27 17:46:00,78.9,0.11,Fail
R000227,M-07,Evening,2025-06-06 00:08:00,84.3,1.94,Pass
R000228,M-19,morning,2025-06-13 01:03:00,41.0,0.34,Pass
R000229,M-13,Morning,2025-06-05 02:59:00,88.8,3.42,Fail
R000230,M-11,Evening,2025-06-01 07:47:00,86.7,2.23,Fail
R000231,M-13,Morning,2025-06-26 19:21:00,,4.95,Pass
R000232,M-05,morning,2025-06-19 03:23:00,86.1,1.21,Pass
R000233,M-13,Morning,2025-06-14 07:51:00,42.9,2.79,Fail
R000234,M-07,Morning,2025-06-01 08:31:00,43.5,0.52,Pass
R000235,M-04,NIGHT,2025-06-27 11:47:00,56.2,2.38,Pass
R000236,M-02,Night,2025-06-06 00:17:00,73.2,3.22,Pass
R000237,M-01,NIGHT,2025-06-04 08:23:00,72.9,3.58,Pass
R000238,M-11,morning,2025-06-21 01:39:00,83.9,1.24,Pass
R000239,M-06,morning,2025-06-11 06:40:00,60.1,1.91,Pass
R000240,M-14,Evening,2025-06-17 10:51:00,50.0,0.64,Pass
R000241,M-05,Evening,2025-06-24 23:54:00,83.1,1.94,Pass
R000242,M-02,morning,2025-06-19 20:25:00,58.0,2.17,Fail
R000243,M-10,NIGHT,2025-06-08 15:04:00,93.2,1.9,Pass
R000244,M-15,morning,2025-06-14 02:04:00,44.5,1.57,Pass
R000245,M-12,morning,2025-06-04 21:20:00,67.4,1.04,Fail
R000246,M-16,NIGHT,2025-06-23 10:42:00,78.2,3.42,Pass
R000247,M-06,morning,2025-06-06 13:16:00,57.4,2.38,Pass
R000248,M-13,NIGHT,2025-06-12 08:16:00,45.4,4.86,Pass
R000249,M-04,Morning,2025-06-04 00:50:00,54.2,3.64,Pass
R000250,M-06,Night,2025-06-23 18:57:00,57.1,1.88,Pass
R000251,M-14,morning,2025-06-10 20:50:00,44.1,3.4,Fail
R000252,M-15,Morning,2025-06-22 09:19:00,89.3,4.44,Pass
R000253,M-03,NIGHT,2025-06-01 00:35:00,77.5,2.07,Pass
R000254,M-10,Night,2025-06-03 10:26:00,69.9,2.43,Pass
R000255,M-07,Night,2025-06-01 08:07:00,89.1,3.28,Pass
R000256,M-16,morning,2025-06-05 01:34:00,65.4,2.0,Fail
R000257,M-02,Morning,2025-06-05 17:04:00,77.0,2.31,Fail
R000258,M-03,NIGHT,2025-06-04 23:57:00,65.0,0.25,Fail
R000259,M-11,morning,2025-06-27 17:18:00,60.9,4.78,Pass
R000260,M-09,Morning,2025-06-02 09:28:00,43.5,0.41,Pass
R000261,M-10,Evening,2025-06-19 03:36:00,79.8,3.58,Pass
R000262,M-18,Evening,2025-06-14 05:44:00,44.1,2.16,Pass
R000263,M-07,Night,2025-06-08 20:26:00,56.7,3.34,Pass
R000264,M-04,Night,2025-06-22 12:40:00,57.4,1.53,Pass
R000265,M-14,Evening,2025-06-13 12:06:00,90.0,2.69,Fail
R000266,M-08,Morning,2025-06-20 08:40:00,89.2,4.42,Fail
R000267,M-03,Morning,2025-06-20 05:43:00,90.6,1.38,Pass
R000268,M-08,NIGHT,2025-06-28 04:44:00,,0.58,Pass
R000269,M-20,Evening,2025-06-11 20:01:00,55.3,3.48,Pass
R000270,M-11,Evening,2025-06-03 22:35:00,86.5,2.53,Pass
R000271,M-09,Night,2025-06-09 13:42:00,81.9,1.24,Pass
R000272,M-09,NIGHT,2025-06-15 07:29:00,40.5,0.27,Pass
R000273,M-10,Morning,2025-06-05 08:59:00,78.0,1.14,Pass
R000274,M-08,Night,2025-06-20 08:31:00,80.9,3.97,Pass
R000275,M-01,morning,2025-06-25 17:27:00,72.9,3.45,Pass
R000276,M-18,morning,2025-06-27 05:48:00,86.0,3.77,Pass
R000277,M-13,Morning,2025-06-06 01:45:00,70.7,3.85,Fail
R000278,M-01,Night,2025-06-05 20:18:00,78.3,1.68,Pass
R000279,M-10,morning,2025-06-14 22:42:00,86.1,1.28,Pass
R000280,M-08,Night,2025-06-28 16:52:00,65.8,2.22,Pass
R000281,M-02,Morning,2025-06-20 09:55:00,67.6,1.87,Pass
R000282,M-08,Morning,2025-06-23 00:18:00,83.8,1.67,Pass
R000283,M-01,NIGHT,2025-06-10 18:02:00,66.1,0.5,Pass
R000284,M-17,Night,2025-06-19 02:32:00,70.6,3.51,Pass
R000285,M-01,NIGHT,2025-06-17 07:32:00,49.3,0.2,Pass
R000286,M-02,NIGHT,2025-06-16 22:24:00,66.6,2.9,Pass
R000287,M-17,Night,2025-06-21 08:08:00,80.1,2.01,Pass
R000288,M-13,Evening,2025-06-28 14:17:00,73.3,4.47,Pass
R000289,M-03,morning,2025-06-05 07:36:00,45.0,1.8,Pass
R000290,M-02,morning,2025-06-09 01:52:00,80.7,2.61,Pass
R000291,M-17,NIGHT,2025-06-03 10:54:00,61.7,4.02,Pass
R000292,M-04,Evening,2025-06-06 08:36:00,,2.95,Fail
R000293,M-18,Evening,2025-06-08 06:58:00,51.5,4.78,Fail
R000294,M-11,morning,2025-06-23 02:53:00,67.4,1.8,Fail
R000295,M-17,Night,2025-06-20 12:29:00,46.8,0.96,Pass
R000296,M-04,Night,2025-06-05 04:24:00,50.4,3.98,Pass
R000297,M-16,Evening,2025-06-07 13:15:00,51.1,3.29,Fail
R000298,M-16,Night,2025-06-09 04:29:00,90.0,0.6,Pass
R000299,M-05,Morning,2025-06-28 17:24:00,53.9,0.27,Fail
R000300,M-16,Night,2025-06-06 02:15:00,60.3,2.59,Pass
R000301,M-20,NIGHT,2025-06-14 02:00:00,47.9,0.35,Pass
R000302,M-19,Evening,2025-06-16 00:27:00,52.4,4.36,Pass
R000303,M-19,Night,2025-06-17 08:00:00,77.9,3.72,Pass
R000304,M-16,NIGHT,2025-06-28 14:52:00,,1.55,Fail
R000305,M-16,Evening,2025-06-21 22:48:00,72.2,2.32,Fail
R000306,M-17,Morning,2025-06-20 05:14:00,92.8,3.95,Pass
R000307,M-05,NIGHT,2025-06-07 18:17:00,44.7,1.67,Pass
R000308,M-03,Evening,2025-06-10 10:37:00,42.8,0.24,Pass
R000309,M-07,Night,2025-06-03 00:26:00,,1.37,Pass
R000310,M-17,Night,2025-06-05 17:08:00,49.4,0.78,Fail
R000311,M-06,Evening,2025-06-08 17:49:00,89.8,2.83,Fail
R000312,M-17,Night,2025-06-22 14:17:00,43.3,3.86,Pass
R000313,M-07,NIGHT,2025-06-05 18:29:00,53.7,0.16,Pass
R000314,M-18,morning,2025-06-24 15:04:00,51.3,3.13,Pass
R000315,M-08,Morning,2025-06-20 07:23:00,84.9,3.73,Fail
R000316,M-05,morning,2025-06-03 11:04:00,68.4,3.12,Fail
R000317,M-15,Morning,2025-06-17 22:44:00,45.9,1.24,Pass
R000318,M-18,Night,2025-06-13 06:51:00,79.3,2.77,Fail
R000319,M-18,Morning,2025-06-09 23:33:00,64.4,1.46,Pass
R000320,M-08,NIGHT,2025-06-06 14:40:00,45.3,3.99,Pass
R000321,M-02,Night,2025-06-27 03:54:00,54.7,0.93,Pass
R000322,M-11,Night,2025-06-02 10:02:00,64.2,2.49,Pass
R000323,M-01,Night,2025-06-11 14:06:00,90.5,1.68,Fail
R000324,M-07,Night,2025-06-26 02:40:00,79.8,3.37,Pass
R000325,M-18,Evening,2025-06-26 16:44:00,75.9,1.24,Pass
R000326,M-02,Evening,2025-06-25 08:17:00,55.4,2.46,Fail
R000327,M-11,NIGHT,2025-06-23 03:11:00,80.5,1.17,Pass
R000328,M-12,morning,2025-06-14 09:59:00,45.5,4.43,Fail
R000329,M-07,Morning,2025-06-21 07:25:00,82.4,1.97,Pass
R000330,M-16,Morning,2025-06-19 06:38:00,,4.54,Pass
R000331,M-04,NIGHT,2025-06-04 03:27:00,79.5,3.52,Pass
R000332,M-19,Night,2025-06-16 08:02:00,80.9,0.23,Fail
R000333,M-16,Evening,2025-06-06 04:36:00,86.3,1.35,Pass
R000334,M-08,morning,2025-06-23 10:22:00,74.3,4.87,Pass
R000335,M-07,morning,2025-06-27 01:02:00,,1.13,Pass
R000336,M-04,NIGHT,2025-06-27 10:17:00,47.5,0.35,Pass
R000337,M-10,Night,2025-06-24 13:05:00,47.1,2.44,Pass
R000338,M-13,Evening,2025-06-13 07:14:00,64.7,3.49,Fail
R000339,M-10,morning,2025-06-26 10:26:00,54.9,2.44,Fail
R000340,M-12,Night,2025-06-03 18:12:00,82.2,4.73,Fail
R000341,M-19,NIGHT,2025-06-02 02:17:00,58.4,4.47,Pass
R000342,M-15,NIGHT,2025-06-06 10:41:00,47.1,4.09,Fail
R000343,M-02,NIGHT,2025-06-16 17:28:00,66.2,4.08,Pass
R000344,M-08,Night,2025-06-15 14:25:00,40.6,4.89,Pass
R000345,M-19,NIGHT,2025-06-19 20:38:00,69.7,4.02,Pass
R000346,M-09,Night,2025-06-20 19:36:00,58.0,3.55,Pass
R000347,M-15,Night,2025-06-14 09:35:00,94.8,0.26,Pass
R000348,M-09,Morning,2025-06-17 10:55:00,89.7,4.87,Pass
R000349,M-11,morning,2025-06-23 01:02:00,83.9,1.47,Fail
R000350,M-02,Morning,2025-06-18 21:52:00,75.5,4.01,Fail
R000351,M-02,Morning,2025-06-04 06:09:00,52.3,1.36,Pass
R000352,M-10,Morning,2025-06-16 21:19:00,80.6,2.74,Pass
R000353,M-16,Morning,2025-06-26 23:35:00,44.0,1.35,Pass
R000354,M-14,Night,2025-06-15 01:52:00,68.6,0.13,Pass
R000355,M-01,Morning,2025-06-14 08:54:00,42.1,1.54,Pass
R000356,M-09,Night,2025-06-12 11:09:00,74.3,1.99,Fail
R000357,M-10,NIGHT,2025-06-21 01:23:00,59.3,1.87,Pass
R000358,M-10,NIGHT,2025-06-27 10:33:00,73.3,4.31,Pass
R000359,M-14,Evening,2025-06-15 09:26:00,64.4,0.4,Fail
R000360,M-17,Morning,2025-06-22 09:55:00,73.1,3.72,Pass
R000361,M-17,Morning,2025-06-08 18:22:00,76.7,0.62,Pass
R000362,M-12,Evening,2025-06-17 23:16:00,43.3,3.41,Pass
R000363,M-19,Night,2025-06-28 09:10:00,41.2,1.28,Pass
R000364,M-01,morning,2025-06-04 05:09:00,82.7,1.36,Pass
R000365,M-09,morning,2025-06-23 00:52:00,87.1,4.86,Pass
R000366,M-07,Morning,2025-06-02 19:32:00,78.0,4.47,Fail
R000367,M-08,Morning,2025-06-27 13:48:00,65.2,2.41,Fail
R000368,M-12,Night,2025-06-18 02:25:00,45.5,2.6,Pass
R000369,M-09,morning,2025-06-28 00:29:00,63.1,1.89,Fail
R000370,M-09,Night,2025-06-04 19:44:00,91.8,2.76,Fail
R000371,M-17,Morning,2025-06-05 00:08:00,87.1,4.0,Pass
R000372,M-05,Night,2025-06-13 16:47:00,82.2,4.67,Fail
R000373,M-19,morning,2025-06-15 18:33:00,93.9,0.55,Pass
R000374,M-10,NIGHT,2025-06-27 04:19:00,94.6,0.2,Pass
R000375,M-19,Night,2025-06-18 11:57:00,58.7,3.83,Pass
R000376,M-13,Evening,2025-06-27 09:33:00,48.5,3.77,Pass
R000377,M-18,Morning,2025-06-22 16:33:00,81.4,2.44,Pass
R000378,M-14,Night,2025-06-27 00:57:00,65.9,1.11,Pass
R000379,M-11,Evening,2025-06-13 11:29:00,87.1,1.82,Pass
R000380,M-18,morning,2025-06-06 13:55:00,63.3,4.25,Pass
R000381,M-10,morning,2025-06-20 19:22:00,84.4,2.22,Pass
R000382,M-02,NIGHT,2025-06-04 17:08:00,72.4,3.05,Pass
R000383,M-06,morning,2025-06-12 12:28:00,46.9,2.93,Fail
R000384,M-04,morning,2025-06-20 19:23:00,87.6,2.53,Pass
R000385,M-17,Night,2025-06-20 03:15:00,81.4,2.29,Pass
R000386,M-01,Night,2025-06-20 20:18:00,80.4,1.14,Pass
R000387,M-16,Morning,2025-06-14 18:58:00,87.1,3.95,Pass
R000388,M-16,Morning,2025-06-13 08:45:00,41.9,4.04,Pass
R000389,M-02,Evening,2025-06-17 14:53:00,94.8,3.77,Pass
R000390,M-12,Night,2025-06-13 20:07:00,54.1,1.48,Pass
R000391,M-15,Night,2025-06-07 00:22:00,60.4,4.97,Fail
R000392,M-16,Night,2025-06-13 03:45:00,91.4,2.79,Pass
R000393,M-11,Night,2025-06-22 13:04:00,61.5,4.18,Pass
R000394,M-07,Evening,2025-06-16 09:28:00,77.9,4.86,Pass
R000395,M-11,Morning,2025-06-26 17:27:00,89.4,4.76,Pass
R000396,M-15,Evening,2025-06-22 09:49:00,91.1,2.4,Fail
R000397,M-16,morning,2025-06-27 00:32:00,58.0,2.59,Pass
R000398,M-02,NIGHT,2025-06-27 10:40:00,94.5,4.22,Fail
R000399,M-14,morning,2025-06-02 00:57:00,52.9,4.63,Pass
R000400,M-06,morning,2025-06-20 19:19:00,77.5,1.6,Fail
R000401,M-20,Night,2025-06-09 22:40:00,78.1,0.33,Pass
R000402,M-20,morning,2025-06-05 16:04:00,63.8,1.2,Pass
R000403,M-15,NIGHT,2025-06-12 15:40:00,47.7,2.51,Pass
R000404,M-10,NIGHT,2025-06-03 22:35:00,72.3,2.01,Pass
R000405,M-19,Night,2025-06-01 23:42:00,87.0,3.46,Fail
R000406,M-11,NIGHT,2025-06-09 00:09:00,58.9,0.59,Pass
R000407,M-12,morning,2025-06-22 16:23:00,69.2,2.45,Fail
R000408,M-07,Morning,2025-06-22 18:22:00,76.8,0.2,Pass
R000409,M-07,Evening,2025-06-15 00:16:00,85.4,2.94,Fail
R000410,M-07,morning,2025-06-14 15:17:00,52.7,4.17,Pass
R000411,M-19,Evening,2025-06-13 16:25:00,74.3,0.58,Pass
R000412,M-03,morning,2025-06-27 06:28:00,75.1,4.55,Pass
R000413,M-04,Evening,2025-06-27 01:10:00,86.6,2.16,Pass
R000414,M-02,Evening,2025-06-04 02:27:00,,2.76,Pass
R000415,M-20,Morning,2025-06-12 23:26:00,63.9,1.85,Pass
R000416,M-04,Morning,2025-06-07 14:28:00,41.5,1.02,Fail
R000417,M-19,Morning,2025-06-17 17:20:00,73.2,1.99,Pass
R000418,M-14,NIGHT,2025-06-12 13:13:00,48.5,2.91,Pass
R000419,M-07,NIGHT,2025-06-10 10:58:00,79.7,1.85,Pass
R000420,M-06,NIGHT,2025-06-23 19:07:00,56.5,1.29,Pass
R000421,M-08,Night,2025-06-26 00:37:00,,1.69,Fail
R000422,M-01,Evening,2025-06-21 09:56:00,66.1,0.77,Pass
R000423,M-15,NIGHT,2025-06-10 07:12:00,84.8,2.07,Pass
R000424,M-02,Night,2025-06-17 01:01:00,50.9,2.18,Fail
R000425,M-09,Night,2025-06-24 06:10:00,53.5,2.38,Pass
R000426,M-18,morning,2025-06-23 04:23:00,72.4,1.28,Pass
R000427,M-20,Morning,2025-06-08 19:17:00,87.0,4.84,Pass
R000428,M-06,NIGHT,2025-06-23 04:34:00,66.4,2.54,Pass
R000429,M-20,Morning,2025-06-03 08:48:00,56.2,2.27,Fail
R000430,M-20,morning,2025-06-18 08:02:00,57.2,4.19,Pass
R000431,M-04,Night,2025-06-23 02:55:00,52.1,3.36,Pass
R000432,M-05,Morning,2025-06-14 00:01:00,41.1,0.48,Pass
R000433,M-15,Morning,2025-06-26 19:04:00,43.8,3.02,Pass
R000434,M-08,Evening,2025-06-21 18:30:00,43.1,4.64,Pass
R000435,M-12,morning,2025-06-25 01:55:00,90.8,1.53,Pass
R000436,M-08,Night,2025-06-15 11:10:00,41.6,2.95,Pass
R000437,M-07,Morning,2025-06-04 14:47:00,41.7,0.66,Pass
R000438,M-17,Night,2025-06-17 19:27:00,61.8,4.23,Pass
R000439,M-08,morning,2025-06-03 14:50:00,78.2,3.65,Pass
R000440,M-15,Night,2025-06-26 19:33:00,50.5,4.54,Pass
R000441,M-12,morning,2025-06-02 06:19:00,84.1,4.99,Pass
R000442,M-06,Morning,2025-06-21 06:23:00,51.7,1.14,Pass
R000443,M-02,Morning,2025-06-01 06:13:00,45.4,4.42,Pass
R000444,M-19,Evening,2025-06-19 19:54:00,48.6,4.15,Fail
R000445,M-06,Night,2025-06-01 16:59:00,94.1,2.14,Fail
R000446,M-17,morning,2025-06-16 05:30:00,54.8,3.49,Pass
R000447,M-13,Morning,2025-06-08 18:51:00,90.4,1.63,Pass
R000448,M-09,Evening,2025-06-16 12:53:00,69.8,0.3,Pass
R000449,M-16,Morning,2025-06-03 22:03:00,85.7,3.58,Pass
R000450,M-02,Night,2025-06-16 10:14:00,42.9,4.48,Fail
R000451,M-03,Morning,2025-06-27 00:58:00,91.9,3.1,Pass
R000452,M-02,Evening,2025-06-22 22:23:00,62.3,3.92,Pass
R000453,M-16,morning,2025-06-28 14:57:00,,0.34,Pass
R000454,M-09,NIGHT,2025-06-16 02:56:00,60.7,1.65,Pass
R000455,M-01,Night,2025-06-08 16:44:00,49.9,2.06,Pass
R000456,M-02,morning,2025-06-27 21:09:00,88.2,3.35,Pass
R000457,M-04,morning,2025-06-16 08:39:00,86.9,4.41,Fail
R000458,M-16,morning,2025-06-05 23:27:00,83.6,1.57,Pass
R000459,M-13,Morning,2025-06-17 19:08:00,93.0,0.2,Pass
R000460,M-19,morning,2025-06-16 00:47:00,,2.5,Fail
R000461,M-13,morning,2025-06-25 23:00:00,61.0,4.79,Pass
R000462,M-09,Night,2025-06-14 04:25:00,45.0,1.57,Pass
R000463,M-05,NIGHT,2025-06-12 20:37:00,82.1,3.77,Pass
R000464,M-01,NIGHT,2025-06-25 12:31:00,43.3,1.8,Pass
R000465,M-03,Night,2025-06-06 15:17:00,52.5,3.38,Pass
R000466,M-06,morning,2025-06-24 04:53:00,53.9,3.13,Pass
R000467,M-02,Night,2025-06-07 12:10:00,54.0,2.11,Pass
R000468,M-10,Evening,2025-06-01 06:05:00,64.5,1.97,Pass
R000469,M-15,Morning,2025-06-03 00:09:00,63.6,0.48,Pass
R000470,M-08,morning,2025-06-17 09:09:00,71.7,0.86,Fail
R000471,M-20,morning,2025-06-18 19:33:00,62.6,0.61,Pass
R000472,M-11,Night,2025-06-06 12:42:00,87.6,3.94,Pass
R000473,M-02,Morning,2025-06-23 11:55:00,63.8,0.49,Pass
R000474,M-12,Morning,2025-06-25 10:25:00,88.4,0.13,Pass
R000475,M-16,NIGHT,2025-06-12 09:31:00,49.8,1.49,Pass
R000476,M-12,morning,2025-06-20 21:06:00,45.6,3.16,Pass
R000477,M-16,Morning,2025-06-20 17:27:00,63.5,0.74,Pass
R000478,M-20,Evening,2025-06-09 01:11:00,70.4,1.24,Pass
R000479,M-09,Evening,2025-06-01 11:39:00,92.3,3.0,Fail
R000480,M-04,Night,2025-06-08 05:03:00,64.9,0.97,Pass
R000481,M-20,morning,2025-06-25 08:04:00,52.2,2.17,Pass
R000482,M-09,Morning,2025-06-24 20:12:00,77.3,0.6,Pass
R000483,M-12,NIGHT,2025-06-27 13:52:00,84.5,4.06,Pass
R000484,M-13,NIGHT,2025-06-25 06:37:00,,2.74,Pass
R000485,M-06,Evening,2025-06-16 13:49:00,81.5,4.01,Pass
R000486,M-18,Evening,2025-06-19 21:13:00,45.3,0.17,Pass
R000487,M-05,Night,2025-06-23 08:10:00,85.3,0.29,Pass
R000488,M-13,Evening,2025-06-03 03:37:00,80.4,2.05,Fail
R000489,M-15,Morning,2025-06-11 07:22:00,89.6,4.64,Pass
R000490,M-20,Morning,2025-06-15 11:23:00,46.8,2.25,Pass
R000491,M-03,morning,2025-06-19 19:29:00,48.3,2.91,Pass
R000492,M-18,morning,2025-06-09 18:39:00,61.2,4.94,Fail
R000493,M-12,Evening,2025-06-18 02:22:00,68.2,1.02,Fail
R000494,M-02,NIGHT,2025-06-07 17:50:00,49.8,4.38,Pass
R000495,M-02,NIGHT,2025-06-01 21:25:00,61.3,1.41,Pass
R000496,M-18,morning,2025-06-10 07:09:00,,4.54,Pass
R000497,M-04,NIGHT,2025-06-10 02:33:00,75.0,1.51,Pass
R000498,M-02,Morning,2025-06-01 04:52:00,64.0,1.68,Pass
R000499,M-17,Night,2025-06-11 23:04:00,86.8,3.8,Fail
R000500,M-01,Morning,2025-06-13 14:10:00,63.7,1.2,Pass
R000501,M-14,Morning,2025-06-25 06:55:00,73.5,4.28,Pass
R000502,M-02,morning,2025-06-13 13:22:00,71.1,4.26,Fail
R000503,M-16,Night,2025-06-01 05:48:00,55.7,2.39,Pass
R000504,M-11,NIGHT,2025-06-12 00:57:00,43.2,2.4,Fail
R000505,M-16,NIGHT,2025-06-27 06:10:00,41.3,4.26,Pass
R000506,M-09,Night,2025-06-06 04:03:00,94.9,0.12,Pass
R000507,M-11,Morning,2025-06-06 09:10:00,89.2,2.77,Pass
R000508,M-16,Night,2025-06-14 14:20:00,66.5,4.52,Pass
R000509,M-18,Night,2025-06-09 04:33:00,66.7,0.22,Fail
R000510,M-17,Evening,2025-06-23 19:38:00,57.9,99.9,Fail
R000511,M-12,Night,2025-06-11 04:20:00,50.1,1.92,Fail
R000512,M-18,Night,2025-06-04 07:41:00,57.6,1.91,Pass
R000513,M-04,Evening,2025-06-15 23:52:00,48.6,2.39,Pass
R000514,M-15,NIGHT,2025-06-24 05:12:00,66.1,3.83,Pass
R000515,M-01,Night,2025-06-06 13:20:00,51.5,4.34,Pass
R000516,M-17,Night,2025-06-04 23:53:00,68.2,99.9,Pass
R000517,M-10,Morning,2025-06-06 18:54:00,41.2,3.59,Pass
R000518,M-16,Night,2025-06-02 21:33:00,93.8,3.7,Pass
R000519,M-03,Night,2025-06-20 11:17:00,71.9,4.58,Fail
R000520,M-07,Evening,2025-06-22 12:26:00,62.4,3.16,Pass
R000521,M-18,NIGHT,2025-06-27 13:47:00,54.6,1.21,Pass
R000522,M-20,Evening,2025-06-02 21:55:00,71.2,0.84,Pass
R000523,M-06,Evening,2025-06-28 10:20:00,42.7,4.9,Pass
R000524,M-14,Evening,2025-06-19 17:25:00,84.6,2.25,Fail
R000525,M-10,Morning,2025-06-10 06:22:00,66.2,3.09,Pass
R000526,M-20,Morning,2025-06-07 05:32:00,75.5,2.72,Pass
R000527,M-19,Evening,2025-06-20 13:57:00,61.4,1.51,Fail
R000528,M-14,Night,2025-06-10 10:42:00,93.2,1.81,Fail
R000529,M-03,Night,2025-06-15 08:11:00,78.1,3.02,Pass
R000530,M-12,morning,2025-06-26 02:50:00,81.8,1.9,Pass
R000531,M-04,Night,2025-06-18 08:40:00,78.6,3.97,Pass
R000532,M-18,morning,2025-06-26 01:23:00,71.8,4.4,Fail
R000533,M-08,Morning,2025-06-06 20:36:00,50.9,1.48,Fail
R000534,M-08,Evening,2025-06-24 13:57:00,68.9,3.82,Pass
R000535,M-19,morning,2025-06-01 04:26:00,,1.69,Fail
R000536,M-16,Morning,2025-06-12 18:21:00,40.3,3.91,Fail
R000537,M-18,morning,2025-06-18 06:33:00,63.6,1.59,Pass
R000538,M-16,Evening,2025-06-18 16:33:00,42.4,0.88,Pass
R000539,M-16,NIGHT,2025-06-28 13:53:00,63.0,2.19,Pass
R000540,M-17,Morning,2025-06-17 05:51:00,51.3,4.98,Fail
R000541,M-17,Morning,2025-06-26 05:56:00,82.6,4.88,Fail
R000542,M-07,Evening,2025-06-02 23:08:00,71.0,0.24,Fail
R000543,M-10,morning,2025-06-23 18:07:00,42.8,3.47,Pass
R000544,M-04,NIGHT,2025-06-19 00:43:00,47.6,0.12,Pass
R000545,M-07,morning,2025-06-21 22:52:00,69.0,4.93,Fail
R000546,M-17,Morning,2025-06-20 06:42:00,69.9,2.91,Pass
R000547,M-01,morning,2025-06-19 03:45:00,,2.57,Pass
R000548,M-06,morning,2025-06-27 18:14:00,42.6,3.66,Fail
R000549,M-12,Evening,2025-06-25 18:31:00,77.0,1.95,Pass
R000550,M-14,NIGHT,2025-06-04 10:00:00,77.3,3.02,Fail
R000551,M-10,Morning,2025-06-28 17:53:00,83.2,4.97,Pass
R000552,M-01,Evening,2025-06-06 14:41:00,42.3,0.41,Fail
R000553,M-09,NIGHT,2025-06-01 04:47:00,74.0,4.58,Pass
R000554,M-09,Night,2025-06-25 03:40:00,94.2,2.8,Pass
R000555,M-09,NIGHT,2025-06-12 05:26:00,50.6,2.14,Pass
R000556,M-18,morning,2025-06-21 20:06:00,90.4,3.21,Pass
R000557,M-02,Evening,2025-06-05 13:10:00,51.9,3.38,Pass
R000558,M-14,morning,2025-06-19 21:18:00,56.4,1.67,Pass
R000559,M-10,Evening,2025-06-02 02:32:00,69.2,3.65,Pass
R000560,M-07,morning,2025-06-24 20:23:00,49.5,4.88,Pass
R000561,M-08,morning,2025-06-05 20:46:00,,3.7,Pass
R000562,M-01,Night,2025-06-04 15:42:00,58.3,4.78,Pass
R000563,M-18,Morning,2025-06-11 16:36:00,74.7,2.25,Pass
R000564,M-10,Evening,2025-06-06 10:27:00,86.2,3.38,Pass
R000565,M-05,Night,2025-06-22 20:48:00,72.7,1.45,Pass
R000566,M-08,Evening,2025-06-06 01:28:00,67.3,2.77,Pass
R000567,M-08,Morning,2025-06-17 00:19:00,75.7,3.12,Pass
R000568,M-14,Evening,2025-06-02 10:58:00,69.0,4.14,Pass
R000569,M-17,Night,2025-06-19 05:58:00,53.9,0.17,Pass
R000570,M-11,morning,2025-06-21 10:27:00,56.2,4.86,Fail
R000571,M-04,NIGHT,2025-06-23 02:36:00,68.1,1.65,Pass
R000572,M-11,Evening,2025-06-15 09:15:00,,3.35,Pass
R000573,M-05,Night,2025-06-16 04:55:00,70.9,2.17,Pass
R000574,M-06,NIGHT,2025-06-09 03:08:00,71.5,0.37,Pass
R000575,M-06,Evening,2025-06-20 02:46:00,66.0,1.43,Pass
R000576,M-01,Morning,2025-06-15 07:26:00,94.4,1.37,Fail
R000577,M-17,Evening,2025-06-20 22:43:00,79.4,4.65,Pass
R000578,M-18,NIGHT,2025-06-10 22:48:00,94.4,99.9,Fail
R000579,M-18,NIGHT,2025-06-24 21:09:00,61.5,0.86,Pass
R000580,M-14,NIGHT,2025-06-20 04:08:00,50.3,2.12,Pass
R000581,M-03,Morning,2025-06-11 07:34:00,59.8,1.93,Pass
R000582,M-18,Morning,2025-06-26 11:11:00,90.3,1.08,Pass
R000583,M-10,NIGHT,2025-06-08 07:46:00,62.6,2.46,Pass
R000584,M-01,morning,2025-06-02 10:21:00,42.9,0.48,Pass
R000585,M-14,Night,2025-06-18 18:22:00,75.0,0.28,Pass
R000586,M-03,Night,2025-06-28 12:40:00,83.1,2.88,Pass
R000587,M-01,Morning,2025-06-28 04:24:00,45.9,2.02,Pass
R000588,M-10,Night,2025-06-15 03:40:00,91.5,1.32,Pass
R000589,M-04,morning,2025-06-24 14:48:00,,4.29,Fail
R000590,M-16,Night,2025-06-08 02:41:00,84.2,0.12,Pass
R000591,M-06,Evening,2025-06-16 11:14:00,76.6,2.79,Pass
R000592,M-07,Morning,2025-06-23 17:07:00,82.6,1.07,Pass
R000593,M-14,morning,2025-06-17 23:58:00,85.2,99.9,Pass
R000594,M-02,morning,2025-06-03 16:34:00,74.5,3.43,Pass
R000595,M-03,Morning,2025-06-23 12:19:00,45.1,3.38,Pass
R000596,M-01,Evening,2025-06-17 06:35:00,,0.21,Pass
R000597,M-06,Evening,2025-06-21 20:40:00,94.7,4.55,Pass
R000598,M-08,Night,2025-06-27 04:23:00,75.5,3.84,Pass
R000599,M-11,Evening,2025-06-20 14:49:00,77.1,4.58,Pass
R000600,M-11,Evening,2025-06-13 22:41:00,67.4,2.5,Pass
R000601,M-03,Morning,2025-06-19 17:11:00,40.8,2.59,Pass
R000602,M-07,NIGHT,2025-06-25 11:04:00,79.7,1.78,Pass
R000603,M-11,NIGHT,2025-06-09 12:34:00,43.3,99.9,Pass
R000604,M-11,Evening,2025-06-25 02:15:00,80.6,4.22,Fail
R000605,M-08,Morning,2025-06-05 12:06:00,62.0,4.71,Fail
R000606,M-01,Evening,2025-06-07 02:15:00,73.2,2.53,Pass
R000607,M-10,Night,2025-06-11 08:13:00,52.5,3.62,Fail
R000608,M-19,Night,2025-06-16 16:53:00,77.4,2.67,Pass
R000609,M-10,Morning,2025-06-14 10:08:00,94.8,4.5,Pass
R000610,M-05,Night,2025-06-18 21:38:00,79.6,4.58,Pass
R000611,M-05,NIGHT,2025-06-10 14:33:00,76.4,1.55,Pass
R000612,M-14,morning,2025-06-04 09:20:00,41.2,3.02,Pass
R000613,M-18,Night,2025-06-14 06:28:00,94.1,3.11,Fail
R000614,M-19,NIGHT,2025-06-12 06:28:00,43.6,3.22,Fail
R000615,M-04,Evening,2025-06-23 21:09:00,47.0,1.84,Pass
R000616,M-20,morning,2025-06-03 06:57:00,93.2,4.35,Fail
R000617,M-10,NIGHT,2025-06-27 22:46:00,43.9,1.78,Pass
R000618,M-16,NIGHT,2025-06-27 01:50:00,71.2,1.87,Pass
R000619,M-08,Night,2025-06-16 23:06:00,89.1,1.82,Pass
R000620,M-05,Evening,2025-06-14 01:17:00,51.3,1.4,Pass
R000621,M-15,Morning,2025-06-24 09:32:00,82.5,2.13,Fail
R000622,M-03,Evening,2025-06-27 21:26:00,58.1,3.28,Fail
R000623,M-11,morning,2025-06-25 13:41:00,81.2,3.31,Pass
R000624,M-11,NIGHT,2025-06-01 22:26:00,80.8,1.13,Pass
R000625,M-05,NIGHT,2025-06-08 10:37:00,44.0,0.59,Pass
R000626,M-06,morning,2025-06-15 01:02:00,75.1,0.56,Pass
R000627,M-11,Night,2025-06-12 22:48:00,82.2,4.88,Fail
R000628,M-15,morning,2025-06-03 08:37:00,66.8,1.91,Pass
R000629,M-15,Morning,2025-06-17 21:15:00,92.1,99.9,Pass
R000630,M-05,morning,2025-06-10 21:21:00,50.2,2.08,Pass
R000631,M-07,Evening,2025-06-20 10:50:00,58.4,0.85,Pass
R000632,M-20,NIGHT,2025-06-03 09:25:00,54.0,2.51,Pass
R000633,M-17,NIGHT,2025-06-11 23:54:00,64.3,4.63,Pass
R000634,M-16,Night,2025-06-08 10:07:00,78.5,3.29,Pass
R000635,M-07,morning,2025-06-26 17:54:00,84.3,4.07,Pass
R000636,M-12,Night,2025-06-13 04:24:00,45.9,3.43,Fail
R000637,M-17,Night,2025-06-21 14:06:00,93.5,4.46,Fail
R000638,M-17,Evening,2025-06-19 04:39:00,84.5,3.74,Pass
R000639,M-04,morning,2025-06-17 00:22:00,45.8,3.06,Pass
R000640,M-06,morning,2025-06-13 22:16:00,64.5,4.02,Pass
R000641,M-04,Night,2025-06-16 02:04:00,80.4,1.05,Fail
R000642,M-03,morning,2025-06-27 03:06:00,91.7,1.22,Fail
R000643,M-10,morning,2025-06-15 23:52:00,89.3,4.41,Pass
R000644,M-04,morning,2025-06-18 06:28:00,59.8,0.35,Pass
R000645,M-01,Morning,2025-06-02 23:20:00,49.4,2.69,Pass
R000646,M-20,NIGHT,2025-06-17 05:41:00,88.8,4.13,Pass
R000647,M-02,Morning,2025-06-16 23:25:00,46.6,0.71,Pass
R000648,M-08,NIGHT,2025-06-03 10:20:00,88.1,3.95,Fail
R000649,M-04,NIGHT,2025-06-01 03:03:00,58.2,1.16,Pass
R000650,M-13,NIGHT,2025-06-10 11:24:00,49.4,2.83,Fail
R000651,M-16,Night,2025-06-18 12:18:00,82.6,0.98,Pass
R000652,M-11,Evening,2025-06-05 01:02:00,44.2,4.42,Fail
R000653,M-09,Evening,2025-06-25 12:47:00,67.1,4.31,Pass
R000654,M-15,Night,2025-06-21 07:13:00,73.1,3.69,Pass
R000655,M-10,Night,2025-06-28 16:52:00,54.7,3.94,Pass
R000656,M-19,NIGHT,2025-06-18 02:15:00,76.3,1.65,Pass
R000657,M-06,Night,2025-06-10 05:11:00,70.4,0.13,Fail
R000658,M-16,morning,2025-06-04 09:19:00,86.4,2.31,Fail
R000659,M-14,NIGHT,2025-06-16 01:59:00,40.3,2.28,Pass
R000660,M-04,NIGHT,2025-06-08 02:27:00,59.2,3.27,Pass
R000661,M-01,Evening,2025-06-05 01:55:00,75.9,2.23,Fail
R000662,M-01,morning,2025-06-17 03:53:00,71.8,1.44,Pass
R000663,M-14,morning,2025-06-04 12:17:00,74.1,4.05,Pass
R000664,M-13,Morning,2025-06-05 04:45:00,79.6,0.37,Pass
R000665,M-08,Night,2025-06-01 01:36:00,82.3,0.1,Fail
R000666,M-13,Night,2025-06-16 13:44:00,64.9,3.5,Pass
R000667,M-12,morning,2025-06-18 23:14:00,60.0,2.34,Fail
R000668,M-05,NIGHT,2025-06-22 16:34:00,66.4,1.57,Pass
R000669,M-11,Morning,2025-06-20 17:11:00,68.6,3.11,Fail
R000670,M-08,Evening,2025-06-03 11:32:00,73.7,1.56,Pass
R000671,M-06,Morning,2025-06-15 03:16:00,78.7,3.22,Pass
R000672,M-04,morning,2025-06-16 05:16:00,52.1,4.2,Pass
R000673,M-08,Morning,2025-06-15 15:41:00,51.2,4.39,Pass
R000674,M-06,NIGHT,2025-06-28 03:26:00,40.0,2.5,Pass
R000675,M-14,Evening,2025-06-27 08:11:00,51.1,4.68,Pass
R000676,M-04,Night,2025-06-03 13:20:00,66.3,4.31,Pass
R000677,M-14,morning,2025-06-06 12:59:00,61.9,0.37,Pass
R000678,M-15,Morning,2025-06-16 02:15:00,71.7,1.42,Pass
R000679,M-15,NIGHT,2025-06-22 08:34:00,,2.21,Fail
R000680,M-04,NIGHT,2025-06-27 04:19:00,93.8,2.12,Pass
R000681,M-19,NIGHT,2025-06-18 14:58:00,77.0,2.79,Pass
R000682,M-20,morning,2025-06-04 03:36:00,87.5,0.83,Fail
R000683,M-01,NIGHT,2025-06-23 07:18:00,69.8,1.62,Pass
R000684,M-15,NIGHT,2025-06-25 12:54:00,68.0,2.57,Pass
R000685,M-07,morning,2025-06-16 20:20:00,,4.93,Pass
R000686,M-18,morning,2025-06-09 01:17:00,64.6,1.34,Fail
R000687,M-08,Morning,2025-06-02 15:03:00,71.3,2.26,Pass
R000688,M-09,morning,2025-06-16 03:40:00,72.5,1.84,Pass
R000689,M-07,Evening,2025-06-18 12:08:00,64.9,0.84,Pass
R000690,M-03,Night,2025-06-18 09:05:00,64.5,3.69,Pass
R000691,M-09,Morning,2025-06-25 09:07:00,48.8,2.72,Pass
R000692,M-13,Night,2025-06-28 17:19:00,,4.18,Pass
R000693,M-08,morning,2025-06-04 15:05:00,63.1,1.7,Pass
R000694,M-06,Evening,2025-06-05 19:35:00,60.6,2.89,Fail
R000695,M-16,NIGHT,2025-06-04 21:42:00,83.8,0.68,Pass
R000696,M-12,Morning,2025-06-24 07:57:00,80.0,3.57,Pass
R000697,M-19,Morning,2025-06-02 04:45:00,,2.26,Pass
R000698,M-10,morning,2025-06-14 21:26:00,55.5,1.38,Pass
R000699,M-18,Morning,2025-06-15 22:55:00,45.4,3.83,Pass
R000700,M-05,morning,2025-06-26 11:22:00,71.1,0.56,Pass
R000701,M-20,Evening,2025-06-20 18:03:00,83.4,2.72,Pass
R000702,M-01,NIGHT,2025-06-23 18:42:00,86.4,2.19,Pass
R000703,M-14,NIGHT,2025-06-04 07:18:00,89.1,4.18,Pass
R000704,M-03,morning,2025-06-20 10:00:00,87.9,2.0,Pass
R000705,M-16,morning,2025-06-07 22:08:00,85.9,1.46,Pass
R000706,M-14,morning,2025-06-03 06:46:00,70.6,0.25,Pass
R000707,M-18,Evening,2025-06-13 17:58:00,94.9,0.16,Pass
R000708,M-16,NIGHT,2025-06-15 16:02:00,78.6,0.97,Pass
R000709,M-02,Evening,2025-06-03 16:08:00,50.9,1.89,Pass
R000710,M-03,morning,2025-06-16 19:36:00,72.4,3.08,Fail
R000711,M-05,Night,2025-06-14 19:46:00,74.9,2.39,Pass
R000712,M-04,NIGHT,2025-06-13 07:26:00,72.4,4.23,Fail
R000713,M-06,Night,2025-06-04 10:13:00,72.9,0.29,Pass
R000714,M-05,morning,2025-06-11 13:50:00,51.7,4.67,Fail
R000715,M-05,morning,2025-06-23 03:11:00,78.4,2.42,Pass
R000716,M-19,Night,2025-06-08 12:41:00,63.2,0.94,Pass
R000717,M-12,Night,2025-06-10 00:49:00,78.2,1.35,Fail
R000718,M-03,Evening,2025-06-24 18:48:00,74.8,0.67,Pass
R000719,M-11,morning,2025-06-19 10:48:00,73.1,3.92,Pass
R000720,M-04,Evening,2025-06-25 20:00:00,82.0,1.88,Pass
R000721,M-08,Evening,2025-06-10 07:40:00,65.9,0.17,Fail
R000722,M-20,morning,2025-06-12 00:33:00,46.5,1.67,Fail
R000723,M-11,Evening,2025-06-11 00:41:00,48.1,1.25,Fail
R000724,M-04,Evening,2025-06-26 21:25:00,59.2,3.74,Pass
R000725,M-11,morning,2025-06-08 13:04:00,70.3,2.51,Fail
R000726,M-12,Morning,2025-06-01 13:27:00,63.1,1.37,Pass
R000727,M-11,NIGHT,2025-06-03 00:23:00,94.9,1.59,Fail
R000728,M-20,Night,2025-06-02 21:30:00,66.2,3.43,Fail
R000729,M-17,morning,2025-06-09 12:27:00,60.1,1.8,Pass
R000730,M-06,NIGHT,2025-06-09 14:44:00,87.7,3.77,Pass
R000731,M-14,Evening,2025-06-17 10:31:00,87.8,4.76,Fail
R000732,M-13,Morning,2025-06-24 19:53:00,43.3,1.83,Fail
R000733,M-05,morning,2025-06-07 12:51:00,81.6,4.69,Pass
R000734,M-14,morning,2025-06-17 23:42:00,86.7,0.41,Pass
R000735,M-07,Evening,2025-06-21 10:41:00,81.1,4.94,Fail
R000736,M-10,Morning,2025-06-13 23:56:00,91.5,2.27,Pass
R000737,M-13,NIGHT,2025-06-24 04:19:00,78.3,2.17,Pass
R000738,M-03,Evening,2025-06-21 00:08:00,94.3,2.98,Pass
R000739,M-01,NIGHT,2025-06-02 09:53:00,87.4,3.48,Pass
R000740,M-08,NIGHT,2025-06-09 09:19:00,69.7,2.96,Pass
R000741,M-06,Evening,2025-06-11 03:34:00,94.1,4.36,Pass
R000742,M-11,morning,2025-06-17 13:19:00,86.5,3.82,Pass
R000743,M-13,Night,2025-06-14 02:44:00,58.3,0.88,Pass
R000744,M-13,Evening,2025-06-08 16:37:00,48.4,2.75,Fail
R000745,M-09,morning,2025-06-12 16:02:00,77.2,4.02,Fail
R000746,M-19,NIGHT,2025-06-18 14:19:00,46.7,2.64,Pass
R000747,M-03,NIGHT,2025-06-18 02:46:00,42.4,3.67,Fail
R000748,M-20,NIGHT,2025-06-12 23:15:00,58.7,0.28,Pass
R000749,M-17,Evening,2025-06-24 14:33:00,79.6,3.12,Pass
R000750,M-13,Evening,2025-06-27 11:56:00,68.4,3.68,Pass
R000751,M-10,Evening,2025-06-23 01:28:00,67.9,3.54,Pass
R000752,M-02,Evening,2025-06-20 04:24:00,75.8,3.21,Pass
R000753,M-13,NIGHT,2025-06-16 03:47:00,75.8,3.29,Pass
R000754,M-06,Night,2025-06-02 13:45:00,77.8,1.98,Pass
R000755,M-03,Evening,2025-06-10 18:01:00,57.6,2.78,Pass
R000756,M-18,NIGHT,2025-06-24 14:52:00,91.5,3.84,Pass
R000757,M-03,Morning,2025-06-21 22:52:00,45.5,3.02,Fail
R000758,M-07,morning,2025-06-02 04:02:00,53.4,4.87,Pass
R000759,M-17,Night,2025-06-26 09:52:00,76.4,1.5,Pass
R000760,M-07,morning,2025-06-07 02:43:00,82.9,4.22,Fail
R000761,M-14,morning,2025-06-23 13:31:00,,1.14,Fail
R000762,M-03,NIGHT,2025-06-04 10:55:00,77.6,2.57,Pass
R000763,M-08,NIGHT,2025-06-14 12:26:00,78.4,0.33,Pass
R000764,M-19,morning,2025-06-15 23:50:00,92.7,1.94,Pass
R000765,M-06,Morning,2025-06-26 06:33:00,46.7,3.82,Pass
R000766,M-03,NIGHT,2025-06-22 12:07:00,55.4,0.91,Pass
R000767,M-08,Morning,2025-06-06 14:23:00,48.8,1.99,Pass
R000768,M-10,morning,2025-06-01 08:03:00,51.9,0.74,Fail
R000769,M-04,Evening,2025-06-04 06:49:00,66.9,0.66,Pass
R000770,M-10,Evening,2025-06-12 03:03:00,87.8,2.52,Pass
R000771,M-17,NIGHT,2025-06-26 02:16:00,45.1,0.49,Pass
R000772,M-20,Evening,2025-06-02 02:24:00,62.8,0.22,Pass
R000773,M-04,morning,2025-06-16 15:48:00,47.2,2.32,Pass
R000774,M-03,NIGHT,2025-06-26 18:41:00,,2.92,Fail
R000775,M-04,Morning,2025-06-01 20:19:00,93.5,4.15,Pass
R000776,M-20,Evening,2025-06-15 17:44:00,43.5,2.05,Fail
R000777,M-05,Evening,2025-06-25 17:20:00,75.9,0.47,Pass
R000778,M-02,Evening,2025-06-02 08:39:00,86.8,3.3,Pass
R000779,M-20,Night,2025-06-01 05:20:00,44.1,4.59,Pass
R000780,M-13,NIGHT,2025-06-18 15:16:00,44.5,3.55,Pass
R000781,M-02,morning,2025-06-23 13:02:00,47.9,2.51,Pass
R000782,M-10,Night,2025-06-03 05:02:00,78.3,2.9,Pass
R000783,M-14,Evening,2025-06-16 23:12:00,52.6,4.81,Pass
R000784,M-01,Morning,2025-06-19 07:21:00,79.1,2.16,Pass
R000785,M-03,Morning,2025-06-15 05:07:00,86.4,2.92,Pass
R000786,M-04,morning,2025-06-12 02:47:00,42.0,4.48,Pass
R000787,M-11,Morning,2025-06-10 10:02:00,52.2,0.72,Pass
R000788,M-15,Evening,2025-06-03 12:11:00,87.6,4.68,Fail
R000789,M-10,Morning,2025-06-22 17:50:00,57.0,3.22,Fail
R000790,M-11,NIGHT,2025-06-20 02:19:00,62.8,1.27,Pass
R000791,M-08,morning,2025-06-11 06:04:00,76.4,2.64,Pass
R000792,M-16,Night,2025-06-10 03:07:00,52.2,0.6,Pass
R000793,M-17,Morning,2025-06-01 12:44:00,41.5,2.81,Pass
R000794,M-13,Evening,2025-06-18 03:59:00,66.8,0.31,Pass
R000795,M-14,NIGHT,2025-06-11 23:25:00,75.7,1.41,Pass
R000796,M-01,Morning,2025-06-11 05:55:00,71.8,3.87,Pass
R000797,M-12,NIGHT,2025-06-14 05:15:00,61.4,3.74,Fail
R000798,M-02,Morning,2025-06-23 20:19:00,45.8,3.26,Pass
R000799,M-05,Evening,2025-06-08 16:47:00,40.1,1.94,Pass
R000800,M-04,NIGHT,2025-06-24 18:29:00,70.1,3.06,Pass
R000801,M-01,NIGHT,2025-06-06 02:26:00,86.8,3.85,Pass
R000802,M-15,Night,2025-06-06 11:03:00,90.6,3.74,Fail
R000803,M-13,morning,2025-06-22 12:49:00,74.9,4.03,Pass
R000804,M-13,Morning,2025-06-18 19:34:00,75.6,3.34,Pass
R000805,M-07,NIGHT,2025-06-20 15:04:00,59.0,2.74,Pass
R000806,M-06,Morning,2025-06-07 11:18:00,88.9,1.36,Pass
R000807,M-03,Morning,2025-06-11 08:20:00,61.1,3.4,Fail
R000808,M-10,morning,2025-06-18 03:20:00,,0.53,Pass
R000809,M-05,morning,2025-06-06 05:36:00,77.7,2.95,Pass
R000810,M-10,Night,2025-06-10 21:59:00,43.5,1.55,Pass
R000811,M-12,Morning,2025-06-26 11:35:00,92.9,0.34,Pass
R000812,M-14,NIGHT,2025-06-16 22:23:00,56.8,1.06,Pass
R000813,M-14,Night,2025-06-07 03:42:00,84.6,3.47,Pass
R000814,M-07,morning,2025-06-05 05:24:00,42.1,3.94,Pass
R000815,M-19,NIGHT,2025-06-08 06:12:00,54.4,0.38,Pass
R000816,M-09,morning,2025-06-14 12:32:00,64.3,0.84,Fail
R000817,M-14,Morning,2025-06-21 00:15:00,56.3,2.51,Pass
R000818,M-01,Evening,2025-06-08 21:27:00,60.0,1.74,Fail
R000819,M-03,Evening,2025-06-12 14:05:00,80.9,2.31,Fail
R000820,M-06,NIGHT,2025-06-02 06:45:00,89.9,1.8,Pass
R000821,M-16,Night,2025-06-13 02:26:00,77.3,0.57,Fail
R000822,M-15,NIGHT,2025-06-02 15:30:00,59.3,2.79,Fail
R000823,M-18,Morning,2025-06-21 06:43:00,50.3,1.1,Pass
R000824,M-20,Morning,2025-06-02 04:43:00,81.8,4.8,Fail
R000825,M-19,morning,2025-06-17 02:36:00,63.9,0.63,Pass
R000826,M-13,Night,2025-06-18 14:07:00,55.3,2.1,Pass
R000827,M-13,Night,2025-06-22 02:18:00,70.5,1.84,Fail
R000828,M-11,Morning,2025-06-26 06:17:00,54.4,1.83,Pass
R000829,M-10,Evening,2025-06-27 02:30:00,71.9,0.86,Pass
R000830,M-01,NIGHT,2025-06-27 08:22:00,88.6,2.62,Pass
R000831,M-01,Evening,2025-06-24 17:02:00,58.9,1.74,Pass
R000832,M-09,Evening,2025-06-25 01:29:00,77.2,0.85,Pass
R000833,M-05,Morning,2025-06-12 04:49:00,50.2,4.63,Pass
R000834,M-11,NIGHT,2025-06-06 08:41:00,69.5,4.83,Pass
R000835,M-12,Evening,2025-06-25 02:59:00,87.1,4.07,Pass
R000836,M-11,Evening,2025-06-01 16:30:00,93.4,2.5,Pass
R000837,M-18,Evening,2025-06-03 09:58:00,52.5,4.52,Pass
R000838,M-01,Morning,2025-06-20 14:30:00,75.1,2.37,Pass
R000839,M-19,Evening,2025-06-03 23:10:00,72.0,3.27,Pass
R000840,M-11,Morning,2025-06-23 06:46:00,88.5,2.94,Pass
R000841,M-20,Night,2025-06-23 01:47:00,56.1,4.57,Pass
R000842,M-12,Night,2025-06-02 02:45:00,86.7,3.0,Pass
R000843,M-10,Evening,2025-06-24 04:52:00,65.0,2.23,Fail
R000844,M-18,Night,2025-06-12 04:21:00,46.4,3.49,Pass
R000845,M-12,morning,2025-06-23 13:02:00,63.4,1.64,Pass
R000846,M-20,Evening,2025-06-26 15:09:00,60.7,3.71,Fail
R000847,M-06,morning,2025-06-10 22:35:00,49.2,1.4,Fail
R000848,M-16,Morning,2025-06-09 16:14:00,77.2,3.21,Pass
R000849,M-19,Morning,2025-06-15 20:35:00,62.5,3.85,Pass
R000850,M-09,Morning,2025-06-11 15:07:00,57.0,0.2,Pass
R000851,M-13,NIGHT,2025-06-11 11:57:00,48.3,2.93,Pass
R000852,M-13,NIGHT,2025-06-04 21:46:00,75.3,3.77,Pass
R000853,M-12,Morning,2025-06-27 12:48:00,45.7,3.98,Fail
R000854,M-09,Evening,2025-06-11 19:40:00,63.5,1.28,Pass
R000855,M-07,morning,2025-06-12 08:23:00,69.4,0.43,Pass
R000856,M-17,Night,2025-06-09 18:33:00,55.8,1.02,Pass
R000857,M-04,morning,2025-06-26 13:20:00,47.9,0.71,Pass
R000858,M-10,morning,2025-06-18 08:58:00,90.9,0.94,Pass
R000859,M-07,Night,2025-06-21 23:49:00,69.6,4.44,Fail
R000860,M-12,Night,2025-06-06 12:12:00,55.4,4.82,Pass
R000861,M-14,Night,2025-06-21 13:46:00,89.6,4.95,Pass
R000862,M-04,morning,2025-06-24 07:04:00,69.4,3.0,Pass
R000863,M-13,Evening,2025-06-22 13:05:00,75.0,0.19,Pass
R000864,M-08,NIGHT,2025-06-09 20:16:00,42.5,1.56,Pass
R000865,M-16,NIGHT,2025-06-05 17:38:00,62.3,4.52,Pass
R000866,M-17,NIGHT,2025-06-03 03:35:00,89.0,3.98,Pass
R000867,M-03,NIGHT,2025-06-02 17:13:00,81.3,3.39,Pass
R000868,M-10,morning,2025-06-09 09:36:00,70.6,3.93,Pass
R000869,M-03,morning,2025-06-10 08:09:00,54.4,1.95,Pass
R000870,M-07,morning,2025-06-10 04:13:00,44.3,2.86,Pass
R000871,M-17,Morning,2025-06-09 15:30:00,64.8,0.76,Fail
R000872,M-19,Evening,2025-06-24 16:05:00,80.9,0.13,Pass
R000873,M-01,Evening,2025-06-01 03:35:00,82.7,3.25,Fail
R000874,M-09,NIGHT,2025-06-06 02:16:00,76.0,2.07,Pass
R000875,M-14,Night,2025-06-27 10:12:00,50.2,2.44,Pass
R000876,M-18,Morning,2025-06-10 06:14:00,88.3,4.64,Pass
R000877,M-05,Evening,2025-06-23 04:21:00,84.5,3.93,Pass
R000878,M-18,Morning,2025-06-17 13:20:00,59.0,1.12,Fail
R000879,M-12,NIGHT,2025-06-25 08:17:00,53.7,4.67,Pass
R000880,M-07,morning,2025-06-23 03:35:00,43.5,0.35,Fail
R000881,M-08,NIGHT,2025-06-15 03:35:00,44.0,3.66,Pass
R000882,M-13,Morning,2025-06-08 00:47:00,68.1,1.62,Pass
R000883,M-16,Evening,2025-06-19 19:48:00,90.2,3.46,Pass
R000884,M-01,Night,2025-06-02 09:04:00,53.6,0.53,Pass
R000885,M-18,Morning,2025-06-08 21:39:00,69.2,3.38,Pass
R000886,M-20,Evening,2025-06-28 09:15:00,75.6,1.71,Fail
R000887,M-02,NIGHT,2025-06-08 01:35:00,93.1,3.98,Pass
R000888,M-17,Morning,2025-06-13 11:09:00,63.4,1.81,Pass
R000889,M-08,morning,2025-06-27 20:30:00,68.4,0.83,Fail
R000890,M-02,morning,2025-06-08 14:50:00,74.8,4.09,Pass
R000891,M-04,Morning,2025-06-16 12:05:00,63.7,4.46,Fail
R000892,M-08,Morning,2025-06-18 16:40:00,67.4,0.24,Pass
R000893,M-13,morning,2025-06-02 16:51:00,94.7,1.46,Pass
R000894,M-05,NIGHT,2025-06-01 00:57:00,,2.24,Fail
R000895,M-02,NIGHT,2025-06-10 04:08:00,,0.73,Pass
R000896,M-10,NIGHT,2025-06-16 00:08:00,62.1,1.15,Pass
R000897,M-18,NIGHT,2025-06-20 09:00:00,78.6,2.45,Fail
R000898,M-05,morning,2025-06-21 21:33:00,93.3,0.22,Pass
R000899,M-07,NIGHT,2025-06-16 02:26:00,75.2,3.56,Pass
R000900,M-18,NIGHT,2025-06-27 11:50:00,42.7,1.86,Pass
R000901,M-10,Morning,2025-06-19 18:58:00,72.7,1.33,Fail
R000902,M-14,morning,2025-06-12 02:10:00,77.2,2.43,Pass
R000903,M-14,Morning,2025-06-24 01:59:00,55.0,1.18,Pass
R000904,M-15,morning,2025-06-23 13:43:00,88.9,99.9,Fail
R000905,M-20,Night,2025-06-16 10:29:00,67.8,2.13,Fail
R000906,M-15,Night,2025-06-15 04:50:00,69.8,2.87,Fail
R000907,M-07,NIGHT,2025-06-18 04:08:00,42.1,0.74,Pass
R000908,M-11,Morning,2025-06-09 07:14:00,59.3,4.25,Pass
R000909,M-02,Evening,2025-06-06 11:39:00,94.2,4.08,Fail
R000910,M-20,Night,2025-06-27 17:56:00,70.5,4.57,Pass
R000911,M-04,Morning,2025-06-11 15:45:00,64.1,2.11,Fail
R000912,M-19,Night,2025-06-01 02:47:00,52.3,3.98,Pass
R000913,M-10,Evening,2025-06-23 08:08:00,54.1,3.16,Pass
R000914,M-20,NIGHT,2025-06-01 10:29:00,68.2,1.94,Pass
R000915,M-04,Morning,2025-06-24 20:21:00,62.7,4.28,Pass
R000916,M-01,morning,2025-06-23 20:47:00,51.4,3.97,Pass
R000917,M-08,Evening,2025-06-14 20:02:00,41.8,3.41,Pass
R000918,M-19,Night,2025-06-09 06:22:00,59.7,0.31,Pass
R000919,M-12,morning,2025-06-17 14:04:00,60.1,99.9,Pass
R000920,M-07,Evening,2025-06-26 06:28:00,43.9,0.15,Pass
R000921,M-01,Night,2025-06-18 22:40:00,43.3,4.46,Pass
R000922,M-16,Evening,2025-06-24 19:39:00,,3.84,Pass
R000923,M-04,Morning,2025-06-27 01:02:00,,3.92,Pass
R000924,M-13,Morning,2025-06-19 13:40:00,88.3,4.04,Pass
R000925,M-11,Evening,2025-06-04 14:36:00,,2.09,Fail
R000926,M-10,Night,2025-06-18 01:04:00,,2.37,Pass
R000927,M-17,Morning,2025-06-14 08:25:00,51.7,3.82,Pass
R000928,M-20,morning,2025-06-15 22:25:00,65.2,4.25,Pass
R000929,M-09,morning,2025-06-01 18:14:00,61.1,1.03,Fail
R000930,M-14,Morning,2025-06-17 23:06:00,50.7,4.37,Fail
R000931,M-10,NIGHT,2025-06-27 19:08:00,92.4,2.98,Pass
R000932,M-02,NIGHT,2025-06-06 05:57:00,68.3,3.81,Pass
R000933,M-10,Morning,2025-06-14 03:48:00,75.2,1.05,Fail
R000934,M-10,NIGHT,2025-06-21 05:57:00,54.3,0.62,Pass
R000935,M-04,NIGHT,2025-06-11 23:22:00,87.7,3.1,Fail
R000936,M-06,NIGHT,2025-06-10 11:30:00,88.4,3.04,Pass
R000937,M-10,Evening,2025-06-04 04:37:00,77.8,99.9,Fail
R000938,M-09,Night,2025-06-16 00:50:00,85.7,3.07,Pass
R000939,M-02,morning,2025-06-09 10:39:00,58.8,2.0,Pass
R000940,M-05,Evening,2025-06-03 14:41:00,61.0,1.13,Pass
R000941,M-12,morning,2025-06-24 23:29:00,93.6,2.27,Pass
R000942,M-12,Morning,2025-06-03 09:27:00,55.7,1.26,Pass
R000943,M-15,morning,2025-06-18 06:40:00,94.8,3.07,Fail
R000944,M-05,Evening,2025-06-13 08:20:00,87.9,1.98,Fail
R000945,M-15,Morning,2025-06-27 19:43:00,63.2,1.64,Pass
R000946,M-19,Morning,2025-06-07 00:22:00,41.7,3.06,Pass
R000947,M-09,Morning,2025-06-08 10:17:00,69.6,3.16,Pass
R000948,M-10,Evening,2025-06-26 11:28:00,90.9,2.69,Pass
R000949,M-19,morning,2025-06-19 08:55:00,71.4,4.78,Fail
R000950,M-13,morning,2025-06-23 03:49:00,54.8,2.77,Pass
R000951,M-17,NIGHT,2025-06-27 12:55:00,61.5,4.37,Pass
R000952,M-17,morning,2025-06-11 13:20:00,71.1,0.49,Pass
R000953,M-04,NIGHT,2025-06-11 21:26:00,57.8,0.29,Pass
R000954,M-20,Morning,2025-06-13 19:25:00,83.4,1.38,Pass
R000955,M-06,morning,2025-06-03 10:12:00,64.9,1.88,Pass
R000956,M-11,Evening,2025-06-22 20:44:00,70.8,0.41,Pass
R000957,M-09,morning,2025-06-08 10:09:00,70.2,1.46,Pass
R000958,M-15,Night,2025-06-05 02:42:00,88.0,1.3,Pass
R000959,M-09,morning,2025-06-01 07:57:00,53.2,2.78,Pass
R000960,M-08,Night,2025-06-19 20:05:00,68.8,3.03,Pass
R000961,M-01,NIGHT,2025-06-17 22:24:00,69.4,2.45,Pass
R000962,M-16,Night,2025-06-02 08:06:00,45.8,2.92,Fail
R000963,M-20,Evening,2025-06-15 16:02:00,61.7,4.75,Pass
R000964,M-10,morning,2025-06-12 03:25:00,45.1,4.91,Pass
R000965,M-03,NIGHT,2025-06-19 08:27:00,50.0,2.09,Pass
R000966,M-17,morning,2025-06-04 04:27:00,62.2,99.9,Fail
R000967,M-18,morning,2025-06-10 10:47:00,83.5,0.68,Pass
R000968,M-07,Evening,2025-06-19 15:54:00,47.1,3.46,Pass
R000969,M-10,Morning,2025-06-28 18:19:00,53.9,99.9,Pass
R000970,M-19,morning,2025-06-21 14:15:00,41.7,1.63,Pass
R000971,M-10,Night,2025-06-12 07:22:00,84.9,4.83,Pass
R000972,M-10,Morning,2025-06-07 00:07:00,46.0,2.38,Fail
R000973,M-02,NIGHT,2025-06-02 10:18:00,86.6,3.53,Fail
R000974,M-09,NIGHT,2025-06-08 10:36:00,69.3,4.59,Fail
R000975,M-01,Night,2025-06-12 04:48:00,87.2,1.67,Pass
R000976,M-12,morning,2025-06-24 21:02:00,63.4,2.15,Pass
R000977,M-02,Morning,2025-06-28 08:34:00,49.3,1.17,Pass
R000978,M-11,Evening,2025-06-14 16:11:00,40.8,1.43,Pass
R000979,M-11,morning,2025-06-15 21:13:00,68.3,1.41,Fail
R000980,M-15,morning,2025-06-24 12:59:00,62.9,4.24,Fail
R000981,M-16,morning,2025-06-26 23:16:00,80.9,1.07,Fail
R000982,M-08,Evening,2025-06-15 23:03:00,64.0,4.22,Pass
R000983,M-05,Morning,2025-06-05 06:19:00,70.3,1.36,Pass
R000984,M-15,morning,2025-06-18 05:06:00,44.6,4.36,Fail
R000985,M-19,Night,2025-06-03 09:56:00,,1.48,Pass
R000986,M-07,Morning,2025-06-25 07:57:00,56.9,3.22,Pass
R000987,M-08,Evening,2025-06-19 13:34:00,60.3,0.79,Pass
R000988,M-14,Night,2025-06-17 11:24:00,55.5,3.76,Fail
R000989,M-02,Evening,2025-06-25 15:37:00,55.4,4.9,Pass
R000990,M-06,morning,2025-06-12 20:19:00,,0.35,Fail
R000991,M-17,NIGHT,2025-06-06 05:05:00,89.1,3.43,Pass
R000992,M-07,Night,2025-06-12 22:20:00,85.4,1.78,Pass
R000993,M-05,NIGHT,2025-06-20 05:50:00,84.3,3.27,Pass
R000994,M-17,Morning,2025-06-12 06:56:00,83.0,5.0,Pass
R000995,M-15,Night,2025-06-04 07:43:00,53.5,3.85,Pass
R000996,M-15,Night,2025-06-05 00:20:00,67.7,3.7,Pass
R000997,M-12,NIGHT,2025-06-07 07:20:00,76.8,0.35,Pass
R000998,M-11,Night,2025-06-20 00:12:00,79.2,0.48,Pass
R000999,M-13,NIGHT,2025-06-02 01:12:00,76.4,3.26,Pass
R001000,M-04,NIGHT,2025-06-16 20:57:00,82.4,99.9,Pass
R001001,M-05,Night,2025-06-11 20:23:00,83.5,1.24,Pass
R001002,M-18,Night,2025-06-18 05:30:00,57.0,4.83,Pass
R001003,M-09,Evening,2025-06-25 21:31:00,40.9,1.67,Pass
R001004,M-02,NIGHT,2025-06-08 12:07:00,82.9,3.68,Fail
R001005,M-04,NIGHT,2025-06-17 03:40:00,91.4,0.33,Pass
R001006,M-18,morning,2025-06-12 01:21:00,40.8,4.27,Fail
R001007,M-19,Morning,2025-06-02 17:26:00,53.2,1.43,Fail
R001008,M-06,NIGHT,2025-06-08 05:44:00,88.4,0.8,Pass
R001009,M-12,Night,2025-06-16 18:08:00,,3.65,Pass
R001010,M-05,NIGHT,2025-06-14 17:21:00,73.4,1.92,Pass
R001011,M-15,NIGHT,2025-06-10 23:54:00,85.9,4.07,Fail
R001012,M-20,NIGHT,2025-06-14 03:58:00,51.4,0.24,Pass
R001013,M-03,NIGHT,2025-06-23 23:08:00,68.0,3.83,Pass
R001014,M-17,Evening,2025-06-25 02:11:00,91.7,0.17,Pass
R001015,M-16,Evening,2025-06-24 04:46:00,53.3,2.28,Fail
R001016,M-01,Morning,2025-06-26 12:36:00,73.1,2.22,Pass
R001017,M-19,NIGHT,2025-06-14 07:23:00,62.2,3.99,Pass
R001018,M-15,Night,2025-06-16 12:58:00,87.8,0.87,Pass
R001019,M-13,morning,2025-06-01 03:52:00,89.3,4.57,Pass
R001020,M-04,NIGHT,2025-06-24 02:24:00,64.6,2.65,Pass
R001021,M-02,NIGHT,2025-06-26 03:06:00,87.9,3.36,Pass
R001022,M-16,Night,2025-06-06 18:34:00,42.5,2.06,Pass
R001023,M-15,Night,2025-06-10 11:21:00,72.0,3.2,Pass
R001024,M-18,Night,2025-06-22 20:17:00,94.8,1.03,Fail
R001025,M-02,Evening,2025-06-14 13:21:00,74.6,1.35,Pass
R001026,M-01,morning,2025-06-11 17:15:00,74.9,2.91,Pass
R001027,M-18,NIGHT,2025-06-01 00:27:00,46.6,0.99,Fail
R001028,M-13,morning,2025-06-09 04:23:00,73.6,4.85,Pass
R001029,M-13,NIGHT,2025-06-12 11:59:00,91.0,4.48,Pass
R001030,M-13,morning,2025-06-20 03:04:00,55.1,0.42,Pass
R001031,M-16,NIGHT,2025-06-11 00:09:00,59.1,2.27,Pass
R001032,M-12,Evening,2025-06-02 03:14:00,,0.62,Fail
R001033,M-01,Morning,2025-06-04 10:10:00,80.5,0.49,Fail
R001034,M-06,Morning,2025-06-16 01:01:00,48.7,2.89,Pass
R001035,M-02,morning,2025-06-14 10:26:00,43.8,3.72,Pass
R001036,M-09,Evening,2025-06-02 17:09:00,70.2,0.22,Pass
R001037,M-05,NIGHT,2025-06-11 16:50:00,,2.5,Fail
R001038,M-05,Night,2025-06-18 09:13:00,,1.34,Pass
R001039,M-16,Morning,2025-06-02 17:39:00,60.9,3.97,Pass
R001040,M-14,morning,2025-06-11 18:45:00,67.0,2.32,Fail
R001041,M-03,Night,2025-06-06 13:31:00,69.9,0.29,Pass
R001042,M-06,NIGHT,2025-06-02 03:46:00,67.7,1.36,Pass
R001043,M-04,Morning,2025-06-21 18:10:00,43.4,1.79,Pass
R001044,M-09,morning,2025-06-20 12:06:00,80.7,2.74,Pass
R001045,M-15,Night,2025-06-21 11:22:00,72.6,4.44,Fail
R001046,M-13,morning,2025-06-15 13:44:00,74.8,3.78,Pass
R001047,M-16,NIGHT,2025-06-04 18:47:00,85.8,0.2,Fail
R001048,M-16,NIGHT,2025-06-13 20:24:00,,4.28,Pass
R001049,M-06,Evening,2025-06-02 22:56:00,69.6,1.52,Fail
R001050,M-07,Night,2025-06-10 15:35:00,41.4,3.1,Fail
R001051,M-01,morning,2025-06-02 11:15:00,40.1,0.85,Pass
R001052,M-12,Night,2025-06-12 22:03:00,64.6,1.09,Pass
R001053,M-10,Morning,2025-06-20 07:32:00,51.6,0.78,Pass
R001054,M-04,morning,2025-06-07 10:04:00,85.1,3.21,Pass
R001055,M-07,Night,2025-06-24 01:43:00,49.0,2.43,Fail
R001056,M-13,Evening,2025-06-12 07:05:00,87.6,2.77,Pass
R001057,M-09,NIGHT,2025-06-01 14:12:00,69.4,3.49,Pass
R001058,M-03,Morning,2025-06-08 13:36:00,82.4,2.56,Pass
R001059,M-10,Evening,2025-06-03 17:37:00,61.9,1.66,Pass
R001060,M-16,Evening,2025-06-05 05:18:00,45.5,2.28,Pass
R001061,M-17,Morning,2025-06-01 00:51:00,71.1,4.51,Pass
R001062,M-14,morning,2025-06-11 14:28:00,90.2,0.73,Pass
R001063,M-05,morning,2025-06-23 00:39:00,51.1,3.3,Pass
R001064,M-03,Morning,2025-06-21 13:42:00,82.1,4.69,Pass
R001065,M-17,morning,2025-06-13 11:22:00,63.1,3.72,Pass
R001066,M-04,Night,2025-06-22 12:16:00,88.8,1.81,Pass
R001067,M-14,NIGHT,2025-06-26 21:47:00,58.5,3.22,Pass
R001068,M-06,Night,2025-06-08 20:18:00,57.5,2.28,Pass
R001069,M-18,NIGHT,2025-06-26 22:12:00,75.2,2.51,Pass
R001070,M-08,NIGHT,2025-06-18 00:25:00,44.9,3.17,Pass
R001071,M-02,Evening,2025-06-08 07:56:00,93.6,3.29,Pass
R001072,M-01,Morning,2025-06-13 01:29:00,77.2,0.18,Pass
R001073,M-02,morning,2025-06-04 11:45:00,59.3,4.98,Pass
R001074,M-20,NIGHT,2025-06-18 07:02:00,80.1,3.19,Fail
R001075,M-05,Evening,2025-06-03 15:18:00,75.8,2.49,Pass
R001076,M-05,Night,2025-06-27 21:32:00,63.0,3.54,Pass
R001077,M-20,Night,2025-06-11 11:09:00,52.7,3.91,Pass
R001078,M-03,morning,2025-06-06 17:18:00,90.8,4.94,Pass
R001079,M-14,Evening,2025-06-25 22:03:00,80.4,2.59,Pass
R001080,M-14,morning,2025-06-03 10:30:00,76.4,3.98,Fail
R001081,M-01,NIGHT,2025-06-25 08:31:00,43.2,4.71,Fail
R001082,M-09,Evening,2025-06-13 11:24:00,84.9,1.1,Fail
R001083,M-11,morning,2025-06-25 00:06:00,43.4,4.98,Pass
R001084,M-15,NIGHT,2025-06-12 07:47:00,55.6,0.81,Pass
R001085,M-04,morning,2025-06-22 02:33:00,61.3,0.56,Pass
R001086,M-10,Evening,2025-06-01 22:29:00,73.9,1.5,Pass
R001087,M-05,NIGHT,2025-06-10 03:35:00,47.7,2.69,Pass
R001088,M-17,morning,2025-06-02 02:24:00,73.2,4.75,Fail
R001089,M-19,Night,2025-06-05 17:51:00,63.1,0.93,Pass
R001090,M-18,Night,2025-06-16 20:35:00,54.6,3.97,Pass
R001091,M-05,morning,2025-06-22 16:46:00,89.8,1.19,Fail
R001092,M-11,NIGHT,2025-06-05 09:03:00,47.2,3.87,Pass
R001093,M-13,morning,2025-06-11 03:30:00,54.6,1.35,Pass
R001094,M-20,morning,2025-06-12 11:35:00,54.4,4.94,Pass
R001095,M-11,Evening,2025-06-06 20:57:00,56.7,4.24,Pass
R001096,M-17,Night,2025-06-06 05:25:00,62.7,0.97,Pass
R001097,M-12,Morning,2025-06-21 23:56:00,45.7,1.92,Fail
R001098,M-18,Night,2025-06-15 21:56:00,54.3,2.33,Pass
R001099,M-01,Morning,2025-06-17 03:09:00,84.3,2.25,Pass
R001100,M-17,Morning,2025-06-23 01:25:00,62.9,1.63,Pass
R001101,M-17,Night,2025-06-06 05:38:00,52.4,3.37,Pass
R001102,M-06,morning,2025-06-20 19:54:00,42.6,2.73,Fail
R001103,M-07,Night,2025-06-28 14:37:00,55.7,0.96,Fail
R001104,M-09,Night,2025-06-06 18:29:00,,4.77,Pass
R001105,M-13,Morning,2025-06-09 14:26:00,88.4,4.05,Pass
R001106,M-04,morning,2025-06-20 07:01:00,78.5,1.83,Pass
R001107,M-04,Night,2025-06-05 11:48:00,45.7,3.85,Pass
R001108,M-02,Morning,2025-06-14 07:55:00,77.0,2.37,Fail
R001109,M-19,Morning,2025-06-08 17:03:00,85.6,2.58,Fail
R001110,M-11,NIGHT,2025-06-12 09:30:00,55.5,4.92,Pass
R001111,M-04,Evening,2025-06-21 21:00:00,66.1,0.76,Pass
R001112,M-16,Morning,2025-06-15 15:22:00,61.2,2.56,Pass
R001113,M-07,NIGHT,2025-06-01 04:54:00,85.8,0.57,Pass
R001114,M-10,Night,2025-06-23 04:25:00,71.3,4.72,Pass
R001115,M-17,Morning,2025-06-09 18:02:00,41.6,4.03,Fail
R001116,M-06,NIGHT,2025-06-03 00:51:00,87.4,1.38,Pass
R001117,M-20,NIGHT,2025-06-18 16:57:00,57.9,3.77,Pass
R001118,M-05,NIGHT,2025-06-12 03:43:00,65.6,1.33,Fail
R001119,M-14,Night,2025-06-26 06:18:00,64.9,0.73,Pass
R001120,M-06,Evening,2025-06-26 00:53:00,88.3,1.67,Fail
R001121,M-14,Morning,2025-06-01 14:36:00,70.5,1.89,Pass
R001122,M-04,NIGHT,2025-06-26 02:36:00,68.1,0.13,Fail
R001123,M-01,Morning,2025-06-16 02:49:00,91.0,2.33,Fail
R001124,M-18,morning,2025-06-24 20:13:00,80.5,3.19,Fail
R001125,M-02,Evening,2025-06-01 11:00:00,65.0,0.4,Pass
R001126,M-14,NIGHT,2025-06-08 17:44:00,,1.1,Pass
R001127,M-13,morning,2025-06-08 14:46:00,46.2,1.42,Pass
R001128,M-03,NIGHT,2025-06-26 13:05:00,43.3,0.11,Fail
R001129,M-15,Evening,2025-06-08 14:02:00,85.8,3.5,Pass
R001130,M-05,NIGHT,2025-06-19 14:37:00,51.9,2.74,Fail
R001131,M-10,NIGHT,2025-06-08 14:56:00,78.7,2.01,Pass
R001132,M-09,NIGHT,2025-06-15 17:40:00,59.3,0.53,Fail
R001133,M-08,Evening,2025-06-17 08:37:00,60.0,2.67,Pass
R001134,M-15,Evening,2025-06-24 11:01:00,75.7,1.39,Fail
R001135,M-17,NIGHT,2025-06-05 10:26:00,88.8,0.5,Pass
R001136,M-12,Night,2025-06-26 06:18:00,66.9,1.12,Fail
R001137,M-19,morning,2025-06-04 22:15:00,55.0,2.97,Pass
R001138,M-20,Night,2025-06-03 22:26:00,63.6,2.87,Fail
R001139,M-02,Evening,2025-06-22 03:01:00,72.8,4.59,Pass
R001140,M-09,Night,2025-06-12 23:32:00,90.7,0.5,Pass
R001141,M-18,NIGHT,2025-06-06 12:09:00,,0.89,Pass
R001142,M-11,NIGHT,2025-06-14 16:36:00,69.5,2.47,Pass
R001143,M-02,Morning,2025-06-27 05:29:00,87.8,2.16,Pass
R001144,M-12,NIGHT,2025-06-02 00:09:00,93.9,2.52,Fail
R001145,M-01,Morning,2025-06-26 08:52:00,75.1,0.21,Pass
R001146,M-01,Morning,2025-06-26 22:25:00,89.7,1.5,Fail
R001147,M-11,morning,2025-06-15 15:10:00,77.7,3.32,Fail
R001148,M-11,Night,2025-06-18 00:04:00,88.0,2.17,Pass
R001149,M-18,Night,2025-06-20 07:30:00,85.0,3.67,Pass
R001150,M-04,Night,2025-06-26 13:59:00,46.1,3.92,Pass
R001151,M-05,Night,2025-06-09 12:30:00,56.1,3.26,Pass
R001152,M-16,Morning,2025-06-01 05:05:00,47.4,4.56,Pass
R001153,M-19,Morning,2025-06-18 21:25:00,89.3,2.3,Fail
R001154,M-10,Night,2025-06-20 08:10:00,42.8,4.7,Pass
R001155,M-16,Evening,2025-06-14 01:46:00,69.3,2.47,Pass
R001156,M-13,Evening,2025-06-03 11:22:00,91.9,2.7,Pass
R001157,M-15,Evening,2025-06-25 10:06:00,73.2,4.73,Pass
R001158,M-02,Morning,2025-06-20 00:05:00,,3.24,Pass
R001159,M-03,NIGHT,2025-06-01 15:41:00,85.1,4.46,Fail
R001160,M-02,Evening,2025-06-08 03:21:00,50.7,1.65,Pass
R001161,M-12,morning,2025-06-12 08:11:00,51.8,3.91,Pass
R001162,M-18,Evening,2025-06-23 19:29:00,86.7,1.95,Pass
R001163,M-12,Night,2025-06-16 19:03:00,47.6,99.9,Pass
R001164,M-13,NIGHT,2025-06-17 09:18:00,41.3,4.79,Pass
R001165,M-09,NIGHT,2025-06-22 16:57:00,,3.32,Pass
R001166,M-17,morning,2025-06-06 01:51:00,52.3,0.35,Fail
R001167,M-11,Night,2025-06-12 21:17:00,62.3,1.4,Fail
R001168,M-08,Night,2025-06-21 05:45:00,74.2,1.81,Pass
R001169,M-17,Night,2025-06-14 02:23:00,65.0,1.5,Pass
R001170,M-10,Night,2025-06-02 14:28:00,58.1,3.75,Fail
R001171,M-07,morning,2025-06-02 20:05:00,63.5,4.56,Pass
R001172,M-03,NIGHT,2025-06-05 18:05:00,72.5,3.28,Fail
R001173,M-18,morning,2025-06-17 13:33:00,76.0,1.81,Pass
R001174,M-06,Evening,2025-06-27 03:54:00,68.8,0.61,Fail
R001175,M-08,Evening,2025-06-14 03:27:00,44.2,3.37,Pass
R001176,M-15,Morning,2025-06-04 16:27:00,,4.32,Pass
R001177,M-15,morning,2025-06-14 09:41:00,91.7,1.05,Pass
R001178,M-09,NIGHT,2025-06-01 02:45:00,87.6,2.65,Fail
R001179,M-15,Morning,2025-06-12 18:07:00,,2.14,Pass
R001180,M-16,Night,2025-06-28 12:13:00,51.3,3.22,Pass
R001181,M-13,NIGHT,2025-06-25 06:24:00,72.0,3.61,Pass
R001182,M-03,morning,2025-06-05 03:02:00,78.5,2.68,Pass
R001183,M-15,morning,2025-06-14 23:27:00,93.2,1.65,Pass
R001184,M-18,Night,2025-06-09 14:29:00,44.5,3.13,Pass
R001185,M-06,Morning,2025-06-21 08:16:00,86.0,3.71,Pass
R001186,M-11,Evening,2025-06-03 22:45:00,47.4,2.16,Pass
R001187,M-11,morning,2025-06-14 14:47:00,43.4,4.54,Pass
R001188,M-11,NIGHT,2025-06-17 17:14:00,69.6,4.85,Pass
R001189,M-14,NIGHT,2025-06-15 14:36:00,60.6,4.37,Pass
R001190,M-06,morning,2025-06-24 11:26:00,45.0,0.27,Fail
R001191,M-15,Evening,2025-06-05 23:16:00,83.0,3.51,Fail
R001192,M-12,NIGHT,2025-06-14 23:22:00,46.0,3.71,Pass
R001193,M-11,NIGHT,2025-06-08 20:20:00,51.1,4.07,Pass
R001194,M-06,Night,2025-06-16 19:35:00,57.6,2.55,Pass
R001195,M-13,Evening,2025-06-22 04:09:00,54.8,1.12,Pass
R001196,M-10,NIGHT,2025-06-06 17:08:00,68.3,2.12,Fail
R001197,M-16,Morning,2025-06-08 00:03:00,51.3,2.38,Pass
R001198,M-05,NIGHT,2025-06-04 09:07:00,42.4,1.96,Pass
R001199,M-13,Evening,2025-06-14 12:07:00,,1.12,Pass
R001200,M-01,Evening,2025-06-18 01:59:00,93.4,1.12,Pass
R001201,M-13,Night,2025-06-04 08:38:00,79.1,3.23,Pass
R001202,M-02,Evening,2025-06-16 01:17:00,48.3,1.86,Pass
R001203,M-09,Evening,2025-06-16 23:23:00,87.0,0.57,Fail
R001204,M-07,morning,2025-06-24 02:08:00,60.1,1.39,Pass
R001205,M-18,Night,2025-06-08 17:06:00,61.4,3.2,Fail
R001206,M-08,Night,2025-06-14 01:48:00,76.0,0.85,Fail
R001207,M-09,Morning,2025-06-15 13:02:00,91.0,4.67,Fail
R001208,M-02,morning,2025-06-04 11:57:00,92.9,4.97,Pass
R001209,M-01,Night,2025-06-17 15:18:00,76.1,4.57,Fail
R001210,M-16,Night,2025-06-08 12:21:00,50.8,0.35,Pass
R001211,M-02,Night,2025-06-20 01:28:00,,4.52,Fail
R001212,M-08,Night,2025-06-17 15:45:00,92.3,2.07,Pass
R001213,M-19,NIGHT,2025-06-03 21:08:00,68.9,0.85,Pass
R001214,M-07,NIGHT,2025-06-26 15:51:00,82.8,1.56,Pass
R001215,M-19,NIGHT,2025-06-02 22:14:00,42.4,1.79,Pass
R001216,M-16,Evening,2025-06-10 05:07:00,89.9,0.12,Fail
R001217,M-13,morning,2025-06-01 01:03:00,71.8,1.52,Pass
R001218,M-09,morning,2025-06-17 20:26:00,41.4,2.33,Pass
R001219,M-01,Night,2025-06-19 18:25:00,77.4,2.02,Pass
R001220,M-17,NIGHT,2025-06-02 18:30:00,,1.68,Pass
R001221,M-19,morning,2025-06-07 01:20:00,49.0,0.93,Fail
R001222,M-02,Night,2025-06-11 22:23:00,41.0,2.06,Pass
R001223,M-19,Morning,2025-06-02 16:36:00,85.5,4.28,Pass
R001224,M-04,Evening,2025-06-18 09:01:00,81.7,1.77,Pass
R001225,M-03,Night,2025-06-07 16:32:00,85.8,4.88,Fail
R001226,M-18,morning,2025-06-05 22:51:00,47.3,0.81,Fail
R001227,M-18,morning,2025-06-06 11:44:00,54.8,3.61,Fail
R001228,M-10,Night,2025-06-14 13:26:00,47.5,1.38,Fail
R001229,M-06,Night,2025-06-11 21:59:00,41.2,1.23,Fail
R001230,M-02,Morning,2025-06-02 05:44:00,45.3,99.9,Fail
R001231,M-18,Evening,2025-06-13 01:11:00,76.4,1.73,Pass
R001232,M-19,Morning,2025-06-11 14:51:00,58.5,3.82,Pass
R001233,M-13,Morning,2025-06-23 01:24:00,94.9,1.0,Pass
R001234,M-17,Night,2025-06-19 13:32:00,80.4,4.02,Pass
R001235,M-02,NIGHT,2025-06-28 03:04:00,87.8,2.35,Pass
R001236,M-07,morning,2025-06-04 03:29:00,89.8,0.12,Fail
R001237,M-01,morning,2025-06-02 19:24:00,72.9,2.02,Fail
R001238,M-13,Morning,2025-06-06 20:44:00,66.7,1.02,Pass
R001239,M-11,morning,2025-06-22 09:14:00,86.2,0.9,Pass
R001240,M-16,Evening,2025-06-20 12:56:00,50.3,0.81,Pass
R001241,M-20,NIGHT,2025-06-27 00:58:00,65.9,2.31,Pass
R001242,M-07,NIGHT,2025-06-09 07:07:00,78.0,1.05,Fail
R001243,M-03,Night,2025-06-20 16:03:00,,0.88,Fail
R001244,M-06,NIGHT,2025-06-11 03:40:00,,3.63,Pass
R001245,M-07,NIGHT,2025-06-15 19:27:00,49.7,0.9,Pass
R001246,M-20,Morning,2025-06-18 12:17:00,48.0,3.44,Pass
R001247,M-02,Morning,2025-06-13 15:32:00,56.5,0.94,Pass
R001248,M-06,Evening,2025-06-27 20:43:00,94.3,1.33,Pass
R001249,M-13,morning,2025-06-02 04:42:00,68.7,4.14,Fail
R001250,M-19,Evening,2025-06-16 20:36:00,41.9,2.13,Fail
R001251,M-20,Evening,2025-06-09 22:45:00,75.3,2.35,Pass
R001252,M-12,Evening,2025-06-16 13:33:00,70.4,4.08,Fail
R001253,M-07,NIGHT,2025-06-21 08:00:00,68.0,4.72,Pass
R001254,M-20,Morning,2025-06-28 17:38:00,41.2,1.29,Pass
R001255,M-19,Night,2025-06-16 11:40:00,70.9,1.87,Pass
R001256,M-02,NIGHT,2025-06-09 10:15:00,59.0,4.55,Fail
R001257,M-08,Evening,2025-06-09 16:43:00,40.8,2.46,Pass
R001258,M-03,NIGHT,2025-06-20 19:56:00,73.2,1.59,Pass
R001259,M-13,morning,2025-06-13 23:26:00,,3.19,Pass
R001260,M-06,NIGHT,2025-06-05 11:00:00,54.8,1.32,Pass
R001261,M-13,Night,2025-06-02 21:09:00,70.6,3.88,Fail
R001262,M-05,morning,2025-06-01 00:44:00,81.0,1.73,Fail
R001263,M-12,Night,2025-06-05 16:50:00,83.8,3.76,Pass
R001264,M-12,Night,2025-06-19 16:21:00,,1.59,Pass
R001265,M-05,morning,2025-06-19 13:48:00,64.5,4.49,Pass
R001266,M-19,Night,2025-06-03 05:54:00,80.6,2.89,Pass
R001267,M-16,Morning,2025-06-12 07:16:00,51.0,4.13,Fail
R001268,M-10,Night,2025-06-10 00:55:00,93.8,0.86,Pass
R001269,M-11,Night,2025-06-11 05:40:00,47.7,2.1,Pass
R001270,M-10,Evening,2025-06-14 13:54:00,87.8,3.51,Fail
R001271,M-16,Morning,2025-06-16 17:04:00,48.2,4.23,Pass
R001272,M-07,Morning,2025-06-02 22:58:00,73.5,1.74,Pass
R001273,M-18,Evening,2025-06-02 08:56:00,74.1,4.48,Pass
R001274,M-08,Morning,2025-06-09 11:31:00,49.0,1.88,Pass
R001275,M-09,NIGHT,2025-06-21 05:12:00,55.5,2.79,Pass
R001276,M-14,morning,2025-06-18 08:31:00,56.0,0.9,Pass
R001277,M-08,Morning,2025-06-22 05:44:00,94.0,99.9,Pass
R001278,M-17,Morning,2025-06-02 19:27:00,80.2,3.69,Pass
R001279,M-05,Night,2025-06-14 04:45:00,,0.15,Pass
R001280,M-20,Night,2025-06-06 20:43:00,45.8,3.72,Pass
R001281,M-10,NIGHT,2025-06-01 21:34:00,41.4,1.36,Pass
R001282,M-02,Morning,2025-06-20 23:51:00,49.3,1.04,Pass
R001283,M-10,NIGHT,2025-06-08 20:56:00,95.0,1.49,Fail
R001284,M-01,morning,2025-06-14 03:50:00,43.1,1.4,Fail
R001285,M-03,Morning,2025-06-21 20:43:00,,4.25,Fail
R001286,M-03,Morning,2025-06-16 20:07:00,60.4,0.15,Pass
R001287,M-12,NIGHT,2025-06-24 08:56:00,65.1,1.65,Pass
R001288,M-14,Morning,2025-06-20 14:23:00,64.5,4.07,Pass
R001289,M-09,Morning,2025-06-13 01:19:00,68.7,1.79,Pass
R001290,M-11,morning,2025-06-01 22:57:00,71.2,0.69,Fail
R001291,M-15,morning,2025-06-03 08:31:00,77.7,0.42,Fail
R001292,M-18,morning,2025-06-06 05:27:00,45.8,1.74,Pass
R001293,M-03,morning,2025-06-08 22:14:00,87.6,2.41,Pass
R001294,M-09,Evening,2025-06-17 19:54:00,73.9,1.39,Pass
R001295,M-13,Morning,2025-06-20 04:47:00,,0.15,Pass
R001296,M-16,Evening,2025-06-15 10:54:00,59.1,0.7,Pass
R001297,M-16,Evening,2025-06-23 17:19:00,,1.02,Pass
R001298,M-15,Evening,2025-06-15 15:36:00,80.4,2.77,Pass
R001299,M-11,Evening,2025-06-14 16:22:00,91.0,2.79,Pass
R001300,M-02,NIGHT,2025-06-20 12:03:00,77.1,0.73,Fail
R001301,M-08,morning,2025-06-02 18:34:00,45.5,0.17,Fail
R001302,M-03,NIGHT,2025-06-05 11:27:00,91.9,3.56,Pass
R001303,M-02,Morning,2025-06-28 01:59:00,73.6,2.57,Fail
R001304,M-20,morning,2025-06-06 00:48:00,94.7,2.98,Fail
R001305,M-17,NIGHT,2025-06-21 08:45:00,87.2,1.6,Pass
R001306,M-11,NIGHT,2025-06-12 16:35:00,74.2,4.02,Pass
R001307,M-07,Night,2025-06-16 01:17:00,85.1,0.83,Pass
R001308,M-09,Evening,2025-06-22 19:25:00,53.4,4.69,Pass
R001309,M-20,morning,2025-06-20 21:41:00,89.2,2.79,Pass
R001310,M-02,Night,2025-06-04 04:32:00,92.4,0.94,Fail
R001311,M-15,Evening,2025-06-13 08:06:00,50.4,3.71,Pass
R001312,M-16,morning,2025-06-24 12:19:00,52.8,1.99,Pass
R001313,M-17,Morning,2025-06-01 12:38:00,67.1,2.6,Fail
R001314,M-09,Morning,2025-06-23 21:45:00,73.5,1.19,Pass
R001315,M-03,Evening,2025-06-09 16:37:00,80.8,0.58,Pass
R001316,M-15,NIGHT,2025-06-09 02:52:00,43.0,0.98,Fail
R001317,M-14,morning,2025-06-04 19:38:00,85.6,2.0,Fail
R001318,M-01,Morning,2025-06-21 07:23:00,85.4,4.59,Pass
R001319,M-04,Evening,2025-06-18 08:32:00,75.4,4.38,Pass
R001320,M-18,morning,2025-06-27 16:32:00,63.3,0.64,Pass
R001321,M-01,NIGHT,2025-06-13 07:51:00,40.1,1.27,Pass
R001322,M-19,Evening,2025-06-22 17:35:00,61.5,2.47,Pass
R001323,M-01,NIGHT,2025-06-19 23:56:00,52.6,4.04,Fail
R001324,M-19,NIGHT,2025-06-16 18:24:00,42.4,2.02,Pass
R001325,M-16,morning,2025-06-01 09:22:00,83.6,1.77,Pass
R001326,M-17,Morning,2025-06-02 16:19:00,58.7,4.62,Pass
R001327,M-18,Evening,2025-06-02 23:01:00,62.9,3.15,Pass
R001328,M-02,NIGHT,2025-06-23 23:36:00,85.6,1.82,Pass
R001329,M-14,Night,2025-06-15 04:22:00,84.0,2.97,Pass
R001330,M-03,Evening,2025-06-12 21:21:00,51.6,0.42,Pass
R001331,M-12,Morning,2025-06-09 04:40:00,72.8,3.78,Pass
R001332,M-15,morning,2025-06-05 04:43:00,72.0,3.84,Pass
R001333,M-10,NIGHT,2025-06-25 10:06:00,51.6,2.52,Pass
R001334,M-20,Morning,2025-06-11 18:52:00,47.4,4.73,Pass
R001335,M-15,Night,2025-06-26 15:28:00,85.8,3.51,Pass
R001336,M-16,morning,2025-06-20 23:22:00,,0.21,Pass
R001337,M-09,Evening,2025-06-23 11:15:00,58.6,4.37,Pass
R001338,M-11,morning,2025-06-17 03:06:00,75.5,3.36,Fail
R001339,M-06,NIGHT,2025-06-15 15:58:00,42.9,2.74,Pass
R001340,M-02,Evening,2025-06-27 13:03:00,43.2,2.18,Pass
R001341,M-18,morning,2025-06-21 02:53:00,86.8,4.42,Pass
R001342,M-12,Evening,2025-06-15 18:58:00,91.8,4.45,Fail
R001343,M-09,morning,2025-06-13 22:42:00,51.1,4.68,Pass
R001344,M-01,NIGHT,2025-06-05 18:18:00,49.4,2.35,Pass
R001345,M-01,Evening,2025-06-23 10:01:00,69.7,4.3,Pass
R001346,M-01,Evening,2025-06-07 12:31:00,84.1,0.13,Fail
R001347,M-08,Night,2025-06-05 09:46:00,84.7,2.08,Pass
R001348,M-19,morning,2025-06-16 19:33:00,66.9,99.9,Pass
R001349,M-04,morning,2025-06-19 03:21:00,,0.19,Pass
R001350,M-09,Night,2025-06-13 02:23:00,89.3,0.34,Fail
R001351,M-19,Night,2025-06-19 03:27:00,,2.23,Fail
R001352,M-05,Evening,2025-06-22 05:15:00,77.9,4.42,Fail
R001353,M-14,Morning,2025-06-01 20:22:00,58.7,3.92,Pass
R001354,M-06,morning,2025-06-01 21:06:00,81.0,0.98,Pass
R001355,M-14,Night,2025-06-16 01:38:00,72.2,4.52,Pass
R001356,M-13,NIGHT,2025-06-24 01:56:00,84.5,4.53,Fail
R001357,M-07,NIGHT,2025-06-21 11:17:00,93.9,1.83,Pass
R001358,M-18,Morning,2025-06-09 00:29:00,52.8,1.54,Pass
R001359,M-14,Morning,2025-06-14 19:45:00,56.7,1.2,Fail
R001360,M-15,Evening,2025-06-18 04:35:00,82.4,3.27,Pass
R001361,M-17,Night,2025-06-20 22:48:00,58.7,3.91,Pass
R001362,M-20,Night,2025-06-21 03:38:00,61.6,1.16,Fail
R001363,M-09,Evening,2025-06-27 01:14:00,40.9,0.88,Fail
R001364,M-16,NIGHT,2025-06-16 13:26:00,48.6,1.09,Pass
R001365,M-03,Night,2025-06-04 03:47:00,83.4,4.5,Fail
R001366,M-04,morning,2025-06-23 09:19:00,62.2,0.12,Pass
R001367,M-02,Morning,2025-06-01 21:33:00,60.8,4.47,Pass
R001368,M-17,NIGHT,2025-06-21 06:54:00,67.6,0.88,Pass
R001369,M-05,Night,2025-06-20 04:26:00,59.8,0.74,Fail
R001370,M-18,Night,2025-06-12 09:39:00,78.6,4.59,Pass
R001371,M-10,Night,2025-06-01 19:24:00,,4.42,Pass
R001372,M-07,NIGHT,2025-06-10 00:48:00,81.1,1.95,Pass
R001373,M-20,Morning,2025-06-24 19:26:00,46.6,1.36,Pass
R001374,M-02,Evening,2025-06-28 12:50:00,79.1,3.99,Fail
R001375,M-06,NIGHT,2025-06-11 03:30:00,87.6,1.79,Fail
R001376,M-01,morning,2025-06-01 18:11:00,65.6,3.04,Pass
R001377,M-20,Morning,2025-06-14 06:22:00,78.8,3.51,Pass
R001378,M-01,Morning,2025-06-17 08:01:00,43.4,3.58,Fail
R001379,M-08,Night,2025-06-15 12:08:00,43.9,3.07,Fail
R001380,M-20,Night,2025-06-16 19:05:00,55.0,0.53,Fail
R001381,M-07,morning,2025-06-26 11:44:00,68.6,1.59,Pass
R001382,M-10,Evening,2025-06-16 22:21:00,41.3,4.03,Pass
R001383,M-08,NIGHT,2025-06-07 01:08:00,42.5,1.08,Pass
R001384,M-02,Morning,2025-06-21 04:11:00,68.0,2.29,Pass
R001385,M-11,Morning,2025-06-02 13:45:00,82.8,1.03,Pass
R001386,M-16,morning,2025-06-03 17:09:00,75.9,2.02,Pass
R001387,M-07,Evening,2025-06-18 16:56:00,43.7,0.99,Pass
R001388,M-16,Night,2025-06-04 20:20:00,94.7,3.85,Pass
R001389,M-14,Evening,2025-06-07 19:39:00,73.9,2.24,Pass
R001390,M-09,NIGHT,2025-06-08 02:40:00,92.8,1.4,Fail
R001391,M-14,Night,2025-06-25 20:01:00,58.8,2.27,Fail
R001392,M-15,Night,2025-06-23 13:10:00,66.1,99.9,Pass
R001393,M-03,Night,2025-06-18 19:05:00,41.6,2.51,Pass
R001394,M-03,NIGHT,2025-06-18 04:42:00,56.9,4.5,Pass
R001395,M-02,NIGHT,2025-06-08 01:23:00,58.0,3.42,Fail
R001396,M-11,NIGHT,2025-06-20 09:59:00,85.6,2.29,Fail
R001397,M-18,morning,2025-06-22 17:38:00,66.3,1.71,Pass
R001398,M-05,Evening,2025-06-14 13:07:00,91.6,2.41,Pass
R001399,M-10,Night,2025-06-06 05:02:00,,2.31,Pass
R001400,M-05,NIGHT,2025-06-08 10:27:00,63.0,1.84,Pass
R001401,M-11,Evening,2025-06-26 22:40:00,52.3,3.37,Pass
R001402,M-12,morning,2025-06-09 03:14:00,65.0,3.83,Pass
R001403,M-09,Morning,2025-06-11 15:59:00,82.8,2.96,Fail
R001404,M-20,morning,2025-06-17 10:34:00,74.1,1.71,Pass
R001405,M-10,Evening,2025-06-09 05:55:00,77.7,4.29,Pass
R001406,M-15,Morning,2025-06-16 02:17:00,54.1,1.37,Pass
R001407,M-12,NIGHT,2025-06-10 03:25:00,73.6,4.89,Pass
R001408,M-03,NIGHT,2025-06-22 07:43:00,61.2,3.49,Fail
R001409,M-15,Morning,2025-06-13 09:42:00,87.2,2.61,Pass
R001410,M-05,NIGHT,2025-06-21 12:19:00,,4.39,Fail
R001411,M-09,Night,2025-06-11 05:26:00,41.4,4.13,Pass
R001412,M-08,NIGHT,2025-06-15 11:15:00,57.1,4.38,Fail
R001413,M-09,Morning,2025-06-08 02:12:00,73.8,4.98,Pass
R001414,M-18,Morning,2025-06-14 17:21:00,78.4,2.63,Pass
R001415,M-20,NIGHT,2025-06-03 03:04:00,69.7,2.31,Fail
R001416,M-09,Evening,2025-06-23 04:37:00,49.1,2.25,Pass
R001417,M-04,Morning,2025-06-16 23:20:00,64.5,2.33,Pass
R001418,M-18,Morning,2025-06-16 12:52:00,88.9,0.7,Pass
R001419,M-06,Morning,2025-06-23 05:53:00,51.6,4.67,Pass
R001420,M-08,NIGHT,2025-06-23 12:56:00,50.9,1.53,Fail
R001421,M-03,NIGHT,2025-06-06 08:11:00,61.9,2.14,Pass
R001422,M-14,Evening,2025-06-15 03:23:00,81.1,3.34,Pass
R001423,M-16,morning,2025-06-08 20:11:00,91.5,0.47,Fail
R001424,M-06,Night,2025-06-22 03:17:00,71.3,3.18,Fail
R001425,M-05,Night,2025-06-23 11:37:00,62.3,4.88,Pass
R001426,M-15,Morning,2025-06-21 17:54:00,45.6,4.23,Pass
R001427,M-09,NIGHT,2025-06-26 23:26:00,59.8,3.09,Pass
R001428,M-15,NIGHT,2025-06-17 20:47:00,78.1,1.04,Pass
R001429,M-05,NIGHT,2025-06-23 21:08:00,43.0,4.99,Fail
R001430,M-10,Morning,2025-06-11 03:15:00,82.8,1.27,Pass
R001431,M-09,Evening,2025-06-14 00:20:00,,4.37,Pass
R001432,M-03,Night,2025-06-15 07:43:00,68.5,1.01,Fail
R001433,M-03,NIGHT,2025-06-06 03:43:00,85.5,1.73,Pass
R001434,M-03,NIGHT,2025-06-01 02:06:00,64.8,0.23,Pass
R001435,M-16,morning,2025-06-28 13:36:00,50.9,4.37,Fail
R001436,M-04,morning,2025-06-14 13:12:00,57.2,2.81,Fail
R001437,M-13,Night,2025-06-08 08:14:00,59.2,4.94,Fail
R001438,M-12,Evening,2025-06-12 01:30:00,78.2,3.71,Fail
R001439,M-03,Morning,2025-06-05 13:28:00,48.8,4.74,Pass
R001440,M-15,Night,2025-06-28 02:43:00,43.8,2.94,Pass
R001441,M-19,morning,2025-06-22 10:42:00,42.3,0.57,Pass
R001442,M-01,Night,2025-06-20 12:08:00,69.3,3.66,Pass
R001443,M-18,Evening,2025-06-09 11:49:00,42.3,99.9,Fail
R001444,M-11,Night,2025-06-17 21:07:00,61.4,4.58,Fail
R001445,M-13,morning,2025-06-24 05:22:00,68.4,4.04,Fail
R001446,M-14,NIGHT,2025-06-20 17:35:00,52.9,3.2,Pass
R001447,M-10,Night,2025-06-27 09:01:00,67.9,0.67,Pass
R001448,M-07,Evening,2025-06-19 18:34:00,87.3,3.83,Fail
R001449,M-01,morning,2025-06-02 01:08:00,55.1,4.35,Pass
R001450,M-05,NIGHT,2025-06-28 18:05:00,87.5,3.81,Pass
R001451,M-20,Evening,2025-06-13 02:55:00,64.6,4.79,Pass
R001452,M-02,morning,2025-06-28 09:36:00,76.5,2.75,Fail
R001453,M-02,NIGHT,2025-06-27 08:27:00,80.6,2.56,Fail
R001454,M-04,Morning,2025-06-07 07:10:00,91.2,1.16,Fail
R001455,M-19,NIGHT,2025-06-23 23:54:00,50.6,3.81,Pass
R001456,M-04,Night,2025-06-01 02:49:00,83.0,4.76,Pass
R001457,M-20,Night,2025-06-14 13:34:00,67.0,2.19,Pass
R001458,M-18,Morning,2025-06-18 16:04:00,68.2,4.76,Pass
R001459,M-10,Morning,2025-06-01 06:41:00,87.5,1.7,Pass
R001460,M-14,NIGHT,2025-06-01 18:30:00,,3.53,Fail
R001461,M-04,Night,2025-06-10 14:42:00,90.5,2.14,Pass
R001462,M-16,Night,2025-06-09 22:07:00,50.2,3.7,Pass
R001463,M-04,Night,2025-06-13 02:36:00,71.6,3.14,Fail
R001464,M-19,Morning,2025-06-22 13:42:00,,4.85,Pass
R001465,M-20,Morning,2025-06-28 09:50:00,87.5,1.25,Pass
R001466,M-03,morning,2025-06-19 22:42:00,57.4,3.53,Fail
R001467,M-01,Night,2025-06-27 02:54:00,56.6,3.21,Pass
R001468,M-01,NIGHT,2025-06-02 05:48:00,88.9,4.94,Pass
R001469,M-17,Morning,2025-06-05 21:19:00,81.6,1.77,Fail
R001470,M-14,Morning,2025-06-18 12:31:00,56.1,3.08,Pass
R001471,M-07,Night,2025-06-28 15:50:00,67.1,0.72,Pass
R001472,M-19,morning,2025-06-02 12:27:00,92.0,1.92,Pass
R001473,M-07,Morning,2025-06-17 07:55:00,52.1,3.99,Pass
R001474,M-14,Evening,2025-06-15 00:42:00,77.2,4.99,Pass
R001475,M-10,NIGHT,2025-06-23 13:10:00,42.4,2.12,Pass
R001476,M-11,Night,2025-06-05 10:14:00,77.6,2.89,Fail
R001477,M-06,Night,2025-06-02 10:30:00,86.4,4.47,Pass
R001478,M-10,Morning,2025-06-04 15:59:00,90.1,2.87,Pass
R001479,M-07,NIGHT,2025-06-05 11:12:00,74.5,1.25,Pass
R001480,M-13,morning,2025-06-23 15:31:00,64.2,0.23,Pass
R001481,M-05,Morning,2025-06-24 02:10:00,90.3,1.73,Pass
R001482,M-17,Morning,2025-06-12 21:15:00,78.2,1.03,Pass
R001483,M-05,NIGHT,2025-06-01 15:18:00,41.8,3.99,Fail
R001484,M-11,NIGHT,2025-06-15 18:23:00,66.6,3.97,Pass
R001485,M-07,morning,2025-06-02 01:53:00,51.8,2.41,Pass
R001486,M-05,Morning,2025-06-17 18:11:00,93.2,3.97,Pass
R001487,M-19,Night,2025-06-24 15:16:00,59.5,3.49,Pass
R001488,M-09,NIGHT,2025-06-21 21:04:00,92.1,0.48,Fail
R001489,M-09,Morning,2025-06-27 23:11:00,59.2,3.3,Pass
R001490,M-01,Night,2025-06-03 14:34:00,80.9,2.81,Fail
R001491,M-13,Morning,2025-06-23 11:52:00,88.3,0.11,Pass
R001492,M-17,Night,2025-06-14 20:30:00,80.0,0.63,Fail
R001493,M-07,Night,2025-06-24 01:03:00,90.9,0.14,Pass
R001494,M-11,Evening,2025-06-15 11:41:00,58.0,1.32,Pass
R001495,M-05,Night,2025-06-17 10:27:00,63.7,1.43,Pass
R001496,M-05,NIGHT,2025-06-25 16:05:00,64.5,0.41,Pass
R001497,M-20,Evening,2025-06-06 21:07:00,46.7,0.81,Pass
R001498,M-04,morning,2025-06-20 15:06:00,46.0,0.57,Pass
R001499,M-17,Evening,2025-06-08 04:05:00,53.8,99.9,Pass
