account_id,customer_name,iban,balance,age,account_type,opened_date,branch
ACC5000,Sara Smith,GB67183258238687007942,-472.58,79,savings,2021-09-14,Delhi
ACC5001,Noah Reddy,GB39840289141612846398,47849.57,58,savings,2022-02-14,Delhi
ACC5002,Mateo Rao,GB55379502097002687681,,27,Savings,2025-01-03,Chennai
ACC5003,Diya Reddy,GB69562017537030453194,,46,Checking,2020-07-15,Delhi
ACC5004,Vivaan Rao,GB93036149872839992192,37171.66,34,savings,2025-06-20,
ACC5005,Rohan Rao,GB08948706056641877580,44132.02,46,Savings,2018-02-12,Chennai
ACC5006,Sara Das,GB63519036133254110760,,60,savings,2017-10-09,Bengaluru
ACC5007,Priya Khan,GB05831997179110065120,45915.35,74,Savings,2018-05-19,
ACC5008,Sophia Nair,GB08046619639907676991,16650.63,21,CHECKING,2020-10-19,Delhi
ACC5009,Karan Garcia,GB09193928456797232002,15239.18,73,savings,2018-06-28,
ACC5010,Sara Smith,GB49545089203880653331,16748.37,78,CHECKING,2021-09-22,Delhi
ACC5011,Karan Gupta,GB65217073033793375636,8804.35,18,savings,2015-02-10,Bengaluru
ACC5012,Olivia Sharma,GB24739500334234258323,585.35,51,Savings,2015-03-27,Mumbai
ACC5013,Noah Iyer,GB34735528961122338655,,49,Savings,2023-07-23,
ACC5014,Karan Garcia,GB42530428973179128685,24678.68,77,Checking,2018-08-11,Delhi
ACC5015,Arjun Chopra,GB77496903337363466925,12353.73,28,Checking,2023-06-06,Bengaluru
ACC5016,Emma Das,GB39078956776657546027,11306.42,27,savings,2025-02-09,Bengaluru
ACC5017,Emma Nair,GB31115083535444392840,,54,savings,2023-10-13,Chennai
ACC5018,Noah Sharma,GB82633373898775153663,21653.38,89,Savings,2019-03-15,Mumbai
ACC5019,Karan Smith,GB07553666845909022599,45644.49,68,CHECKING,2017-04-16,Chennai
ACC5020,Ananya Singh,GB15974121820970231643,11268.49,85,Savings,2020-02-06,Bengaluru
ACC5021,Olivia Sharma,GB66212867163234672994,29168.34,82,CHECKING,2018-02-02,Mumbai
ACC5022,Aarav Smith,GB69385977790147546926,12081.31,73,CHECKING,2019-04-25,Mumbai
ACC5023,Karan Iyer,GB03248413768151185672,12264.71,82,Savings,2020-03-08,Bengaluru
ACC5024,Ananya Das,GB63600412577711837274,41998.91,39,Savings,2021-10-22,Bengaluru
ACC5025,Ishaan Mehta,GB62104275230837081647,2146.97,18,Savings,2023-08-30,Chennai
ACC5026,Meera Khan,GB33106005313122068155,27883.73,42,Checking,2025-06-24,
ACC5027,Noah Kumar,GB31552065063731495013,20260.39,81,Savings,2022-12-28,
ACC5028,Karan Johnson,GB19562525715099768389,35083.77,19,Checking,2015-03-28,
ACC5029,Diya Mehta,GB63910257432630397524,15535.7,23,CHECKING,2022-04-08,Delhi
ACC5030,Aarav Khan,GB55338033968527017130,31535.53,36,Checking,2016-05-29,Bengaluru
ACC5031,Ishaan Garcia,GB16742336293449734715,19611.35,39,CHECKING,2019-12-13,Chennai
ACC5032,Arjun Kumar,GB70661498282467474689,23782.64,60,Checking,2023-01-07,Chennai
ACC5033,Meera Smith,GB00857666567491601692,9308.52,73,savings,2023-08-26,Delhi
ACC5034,Arjun Chopra,GB50663370502497243992,,29,CHECKING,2019-06-17,
ACC5035,Ananya Garcia,GB26448869461195243640,49344.79,80,Savings,2016-02-01,Bengaluru
ACC5036,Sophia Kumar,GB62252237281793230234,49138.83,70,CHECKING,2022-01-11,
ACC5037,Diya Johnson,GB16141509377100409013,25877.89,18,CHECKING,2021-10-05,
ACC5038,James Chopra,GB59655553566905510762,796.86,33,savings,2025-08-31,Mumbai
ACC5039,Olivia Das,GB78630505057397691567,49337.01,30,CHECKING,2018-04-18,
ACC5040,Meera Smith,GB98027148727178333211,21462.12,21,Checking,2025-06-02,Delhi
ACC5041,Noah Rao,GB47128715399156686334,5342.34,29,Savings,2016-01-01,Delhi
ACC5042,Karan Garcia,GB19525690409836655289,29334.19,31,CHECKING,2015-02-07,
ACC5043,Mateo Gupta,GB43772942095481497374,35059.09,66,Savings,2024-02-01,Delhi
ACC5044,Kabir Garcia,GB30276420865675661844,34667.0,42,CHECKING,2016-02-03,Mumbai
ACC5045,Liam Patel,GB47292774233305912662,46262.26,30,savings,2025-12-04,Chennai
ACC5046,Ishaan Patel,GB85962630136749261764,31432.84,74,savings,2015-02-17,Bengaluru
ACC5047,Diya Nair,GB83099974192676492151,35545.29,86,Checking,2019-07-19,Bengaluru
ACC5048,Noah Chopra,GB98131292087510293218,12466.4,-5,Savings,2016-05-25,
ACC5049,Emma Reddy,GB26034084872975859883,34240.48,23,Checking,2015-05-31,Mumbai
ACC5050,Kabir Mehta,GB32983954296184462671,47209.39,72,Checking,2021-01-04,Mumbai
ACC5051,Ananya Rao,GB35989262566093141818,20042.45,60,Savings,2019-01-26,Delhi
ACC5052,James Smith,GB34016361128497185948,13188.23,30,Savings,2016-11-30,Delhi
ACC5053,Noah Johnson,GB88967924082226940539,20621.31,76,Checking,2019-12-03,Delhi
ACC5054,Mateo Mehta,GB68341465111312901487,40321.52,19,CHECKING,2022-08-05,
ACC5055,Kabir Chopra,GB81609306853890972832,3293.68,35,savings,2025-09-06,Bengaluru
ACC5056,Sophia Chopra,GB51538144744309634807,44570.94,80,Savings,2018-12-28,Bengaluru
ACC5057,Neha Das,GB51052650167318826170,7359.34,50,Checking,2020-04-11,Chennai
ACC5058,Olivia Mehta,GB28417722560531340266,37068.16,22,Checking,2022-06-21,Mumbai
ACC5059,Priya Rao,GB78725686211022580305,21198.09,19,CHECKING,2020-05-20,Delhi
ACC5060,Emma Chopra,GB63928234143637189239,31259.85,37,Checking,2016-05-08,Mumbai
ACC5061,Noah Patel,GB32609310668433567086,32015.59,56,Savings,2018-01-07,Delhi
ACC5062,James Reddy,GB35020005347491624755,14870.01,30,Savings,2022-08-29,
ACC5063,Kabir Gupta,GB59895343961129109337,46237.78,27,savings,2018-05-19,Chennai
ACC5064,Meera Smith,INVALID-IBAN-000,9181.19,88,savings,2024-12-30,
ACC5065,Olivia Reddy,GB16176880294240903678,43447.91,27,Checking,2019-11-29,
ACC5066,Noah Singh,GB43202939087884434481,8141.01,23,Checking,2018-04-10,Bengaluru
ACC5067,Kabir Rao,GB40338105955184269450,31110.74,19,savings,2017-06-17,Delhi
ACC5068,Ishaan Rao,GB89164983735439627365,6990.88,79,Savings,2020-07-24,Mumbai
ACC5069,Mateo Johnson,GB23972404226931216376,4561.81,85,Checking,2023-02-24,Bengaluru
ACC5070,Neha Iyer,GB01002314290018513279,44565.71,38,savings,2018-09-20,Chennai
ACC5071,Kabir Khan,GB48100184186203036625,32595.91,46,CHECKING,2022-09-13,Bengaluru
ACC5072,Priya Johnson,GB31451951510922685926,7086.11,56,savings,2018-11-27,Bengaluru
ACC5073,James Chopra,GB41022526771196421522,38260.54,63,savings,2020-07-17,Chennai
ACC5074,Priya Kumar,GB52366878878836196893,35006.21,48,savings,2015-01-12,Mumbai
ACC5075,Aarav Reddy,GB21055247286333021260,34654.19,72,savings,2015-08-10,Bengaluru
ACC5076,Karan Nair,GB92025213109622728476,35989.15,74,Savings,2018-03-20,Bengaluru
ACC5077,Kabir Patel,GB09282066784984362418,18566.79,34,Checking,2019-06-29,
ACC5078,Vivaan Khan,GB89177566205634111595,916.47,54,Checking,2021-01-27,Bengaluru
ACC5079,Ananya Garcia,GB43830341990970051405,37459.81,68,Checking,2018-07-12,Chennai
ACC5080,Olivia Smith,GB15681820967904227113,44162.3,36,Checking,2025-10-22,
ACC5081,Arjun Gupta,GB25459606339912971024,27130.37,29,CHECKING,2016-01-21,Chennai
ACC5082,Liam Johnson,GB21495511274747219705,42879.66,69,CHECKING,2024-08-11,
ACC5083,Kabir Das,GB95516874090380214629,19663.66,-5,Checking,2019-05-10,Chennai
ACC5084,Ananya Reddy,GB87112166365155973714,22456.22,87,Checking,2025-08-21,Chennai
ACC5085,Kabir Garcia,GB09605673030644212146,3626.31,75,CHECKING,2020-11-19,Mumbai
ACC5086,James Johnson,GB16542356778265960893,3429.34,36,savings,2022-06-13,Delhi
ACC5087,Aarav Smith,GB27516480727910336829,18566.61,62,Checking,2025-09-05,Mumbai
ACC5088,Karan Sharma,GB50448177665586851276,18342.64,88,Checking,2021-02-01,Chennai
ACC5089,Noah Mehta,GB64911110961798178904,42511.12,45,Checking,2023-09-18,Chennai
ACC5090,Sara Singh,GB71576605384444630600,825.46,65,savings,2018-10-04,Mumbai
ACC5091,Karan Kumar,GB63960962626582631281,31387.77,68,savings,2024-05-22,
ACC5092,Ishaan Gupta,GB10609209819602752334,9288.36,49,CHECKING,2023-08-22,Delhi
ACC5093,Vivaan Rao,GB20911791124421175361,24297.37,20,CHECKING,2015-10-29,Chennai
ACC5094,Ananya Garcia,GB65722402990155799802,25848.3,50,Savings,2017-02-28,
ACC5095,Aarav Sharma,GB23513052312447315847,37132.32,81,CHECKING,2020-09-30,Chennai
ACC5096,Meera Rao,GB46199423767694591966,9585.9,63,savings,2025-01-25,Bengaluru
ACC5097,Mateo Johnson,GB84964985601256253135,18284.2,58,Savings,2015-02-09,Delhi
ACC5098,Aarav Gupta,GB95381649383184919665,40576.42,43,Checking,2015-07-23,Chennai
ACC5099,Priya Patel,GB61172959639040907426,1368.91,86,Savings,2018-10-13,Bengaluru
ACC5100,Ananya Chopra,GB64455618579064771591,979.05,24,Savings,2016-07-22,Bengaluru
ACC5101,Liam Kumar,GB13580040104145964229,22765.04,34,savings,2024-08-31,Mumbai
ACC5102,Karan Kumar,GB18839774573144158331,3294.79,81,Savings,2017-05-20,Bengaluru
ACC5103,Meera Das,GB37153988547281235679,25429.93,69,Checking,2015-10-09,Delhi
ACC5104,Sophia Johnson,GB91271130724078754181,17398.56,45,Checking,2019-06-14,
ACC5105,Sophia Gupta,GB45106634362948978610,32140.42,32,Checking,2016-04-16,Bengaluru
ACC5106,Vivaan Rao,GB81439666134732354940,4259.25,82,CHECKING,2023-04-16,Delhi
ACC5107,Rohan Johnson,GB12257207650241209579,-449.17,49,CHECKING,2016-03-24,Bengaluru
ACC5108,Aarav Mehta,GB88221145775847457054,35362.94,84,CHECKING,2016-04-06,Delhi
ACC5109,Arjun Sharma,GB63257039653136148782,12898.12,62,savings,2019-05-21,
ACC5110,Sophia Rao,GB09859167954107272849,27686.11,38,savings,2020-06-17,Delhi
ACC5111,Ananya Mehta,INVALID-IBAN-000,1568.13,54,Savings,2015-08-06,Chennai
ACC5112,Emma Sharma,GB00425488214236914307,46613.21,49,CHECKING,2019-09-27,Chennai
ACC5113,Diya Rao,GB94296592342683441497,27064.45,66,CHECKING,2016-01-29,Mumbai
ACC5114,Arjun Das,GB85756766708061294398,18342.11,87,savings,2015-08-08,Chennai
ACC5115,Kabir Singh,GB78701041591497501980,34929.42,84,Checking,2021-04-21,Chennai
ACC5116,Kabir Khan,GB24407931102918133170,41552.69,74,CHECKING,2015-08-16,Bengaluru
ACC5117,Emma Singh,GB23849791620223288377,14146.83,30,CHECKING,2019-02-13,Delhi
ACC5118,Noah Singh,GB17662047196094097052,23129.31,76,savings,2015-02-07,Mumbai
ACC5119,Olivia Garcia,GB86812259572446176792,28589.97,82,savings,2016-06-14,Delhi
ACC5120,Karan Reddy,GB61002311775331266109,12149.43,22,Savings,2019-12-14,Delhi
ACC5121,Neha Sharma,GB51762983347743326831,28896.45,30,Checking,2015-05-17,Mumbai
ACC5122,Aarav Reddy,GB98152873397855982176,31086.27,27,Savings,2016-06-04,
ACC5123,Emma Iyer,GB30985034465124189389,24752.37,69,Savings,2021-02-14,Bengaluru
ACC5124,Karan Chopra,GB40056435023850371990,16965.2,27,CHECKING,2021-09-16,
ACC5125,Ananya Chopra,GB40107835674300038960,27401.05,24,CHECKING,2023-08-03,Chennai
ACC5126,Kabir Kumar,GB82171955356033190368,28186.45,19,Checking,2024-02-11,Bengaluru
ACC5127,Ananya Patel,GB24055934296711148375,44830.83,46,CHECKING,2022-12-30,Delhi
ACC5128,Olivia Mehta,GB38458810569741328348,10143.87,65,Checking,2015-05-27,Mumbai
ACC5129,Mateo Das,GB07044964104967066703,9889.37,41,CHECKING,2020-12-21,Bengaluru
ACC5130,Emma Patel,GB50954930596601864876,28416.43,90,savings,2016-10-27,Chennai
ACC5131,Mateo Khan,GB04413845960945449014,28206.27,59,savings,2024-07-03,Mumbai
ACC5132,Mateo Das,INVALID-IBAN-000,-52.03,22,savings,2020-05-20,
ACC5133,Meera Kumar,GB14985172444723229031,32557.34,41,CHECKING,2021-07-03,Delhi
ACC5134,Vivaan Khan,GB44058093511871813359,18253.65,71,Savings,2022-03-14,Chennai
ACC5135,Emma Smith,INVALID-IBAN-000,30151.82,64,savings,2025-12-08,Chennai
ACC5136,Olivia Chopra,GB49025042901935889536,41451.7,22,Checking,2019-04-10,Bengaluru
ACC5137,Ananya Khan,GB98681809788754394353,39849.8,64,Checking,2020-02-11,Delhi
ACC5138,Diya Khan,GB65158815793763928369,33128.08,51,savings,2018-10-31,Delhi
ACC5139,Diya Nair,GB82973270216487120602,49491.64,34,CHECKING,2025-02-20,Chennai
ACC5140,Olivia Smith,GB83415599910157676472,36538.88,83,Savings,2016-09-15,Bengaluru
ACC5141,Karan Reddy,GB76572894134750988986,13905.49,67,savings,2023-06-29,Mumbai
ACC5142,Kabir Patel,GB36849951542144773244,49434.68,31,Checking,2022-06-22,Delhi
ACC5143,Kabir Iyer,GB82090883070534967827,14394.55,32,Savings,2019-12-26,Chennai
ACC5144,Priya Rao,GB24151315285478150618,15535.12,89,Savings,2025-08-23,Bengaluru
ACC5145,Rohan Smith,GB33472727423183061789,10031.62,-5,Savings,2019-09-09,Delhi
ACC5146,Neha Singh,GB35782434776958741314,20689.5,75,savings,2017-10-10,Chennai
ACC5147,Diya Johnson,GB51562779630448360854,33586.95,70,CHECKING,2024-01-27,Chennai
ACC5148,Sophia Singh,GB04735047639283199529,,20,CHECKING,2016-01-05,Delhi
ACC5149,Olivia Nair,GB83583286342556383000,37633.65,85,Savings,2020-08-16,Chennai
ACC5150,Priya Patel,GB40330416624111860089,45908.22,30,CHECKING,2017-03-06,
ACC5151,Emma Gupta,GB04473149764613684748,25082.97,66,Savings,2020-07-28,Chennai
ACC5152,Olivia Iyer,GB90637579145211823793,3736.38,69,CHECKING,2020-11-13,
ACC5153,Rohan Patel,GB46452059960438787535,22799.29,79,Savings,2025-05-01,Bengaluru
ACC5154,Sophia Nair,GB02812371067287286604,5437.96,55,savings,2020-11-10,Delhi
ACC5155,Neha Reddy,GB22483958947735228705,20523.3,37,CHECKING,2015-10-02,Bengaluru
ACC5156,Emma Garcia,GB18751097921583503446,29015.65,57,savings,2022-01-01,Chennai
ACC5157,James Garcia,GB21342491289659994973,7989.02,47,Checking,2016-01-10,
ACC5158,Kabir Smith,GB05102876754813866675,15243.97,84,savings,2020-12-13,Bengaluru
ACC5159,Neha Garcia,GB42687741865205756398,43752.89,42,CHECKING,2019-03-13,Mumbai
ACC5160,Aarav Garcia,GB83094515480940476044,31076.16,21,CHECKING,2021-10-24,Chennai
ACC5161,Priya Johnson,GB81050922216107051843,32582.81,20,savings,2024-05-22,Delhi
ACC5162,Ishaan Reddy,GB66013824127049386204,13325.04,62,Savings,2018-10-30,Chennai
ACC5163,Karan Nair,GB71112125902035713432,15179.6,66,savings,2016-12-30,Delhi
ACC5164,Kabir Gupta,GB34324474175955872096,7363.06,90,Checking,2022-11-16,Chennai
ACC5165,Olivia Mehta,GB88418343740182727955,27970.36,22,savings,2022-11-12,Bengaluru
ACC5166,Olivia Sharma,GB75512542782079799667,41621.87,50,savings,2021-09-27,Delhi
ACC5167,Priya Singh,GB38166496902824983922,33002.02,24,Savings,2018-06-20,Mumbai
ACC5168,Olivia Das,GB70232441233613285072,16907.95,78,CHECKING,2022-11-02,Mumbai
ACC5169,Priya Singh,GB31625265469681579039,8497.08,48,savings,2019-01-23,Delhi
ACC5170,Arjun Sharma,GB61327303461562624467,1258.75,71,Checking,2016-10-31,Chennai
ACC5171,Arjun Iyer,GB15160252986707660464,36974.28,32,CHECKING,2020-08-18,Delhi
ACC5172,Priya Gupta,GB51268612059438976074,1512.14,80,CHECKING,2019-02-12,Bengaluru
ACC5173,Neha Reddy,GB54084245607540915086,12055.65,28,Savings,2016-05-31,Mumbai
ACC5174,Priya Kumar,GB57938970155029168154,20837.76,20,Checking,2025-08-28,Delhi
ACC5175,Ananya Kumar,GB39449883059736424809,19632.87,-5,savings,2018-01-21,Bengaluru
ACC5176,Sophia Garcia,INVALID-IBAN-000,20423.4,34,savings,2017-12-29,Chennai
ACC5177,Neha Gupta,GB30531949796958678055,15641.96,74,Checking,2020-03-07,Chennai
ACC5178,Meera Johnson,GB46091785138544577029,29039.31,63,CHECKING,2019-08-29,Bengaluru
ACC5179,Emma Chopra,GB68269116331942268653,20618.09,53,savings,2023-08-22,Delhi
ACC5180,Diya Gupta,GB86367747226408572169,32481.76,71,CHECKING,2017-02-12,Bengaluru
ACC5181,Neha Khan,GB98199605932971509688,,38,CHECKING,2019-02-20,Mumbai
ACC5182,Ishaan Chopra,GB35241039773973278195,43540.32,38,Checking,2020-03-08,Bengaluru
ACC5183,Aarav Patel,GB68761648198077046056,35689.54,83,CHECKING,2019-10-22,Bengaluru
ACC5184,Diya Smith,GB91256523734151773454,34304.3,60,CHECKING,2022-11-05,Delhi
ACC5185,Karan Rao,GB22840359544294774222,30176.2,67,savings,2022-02-21,Mumbai
ACC5186,Aarav Garcia,GB29045886792529858567,32243.01,85,CHECKING,2016-12-19,Chennai
ACC5187,Noah Sharma,GB15343324913577908335,33044.33,69,Savings,2025-09-04,Delhi
ACC5188,Arjun Nair,GB88107983342337209484,4113.64,42,Savings,2025-02-28,Mumbai
ACC5189,Arjun Mehta,GB33997718051371717318,29263.48,80,savings,2021-05-20,Bengaluru
ACC5190,Karan Kumar,GB17399704694725878444,43296.68,49,savings,2018-02-01,
ACC5191,Arjun Mehta,GB12705877221641758231,38024.06,45,savings,2020-08-17,Delhi
ACC5192,Liam Chopra,GB49392523622925879643,46608.6,78,savings,2019-02-27,Mumbai
ACC5193,Emma Gupta,GB57469660606527403344,41543.86,21,savings,2019-10-18,Chennai
ACC5194,Liam Garcia,GB98741132579706734996,2495.5,25,savings,2018-02-04,
ACC5195,Olivia Das,GB17215622949381735984,,55,Savings,2016-07-29,Bengaluru
ACC5196,Liam Reddy,GB73257375534490216667,39803.9,85,Savings,2025-03-28,
ACC5197,Olivia Sharma,GB08587495119181828197,30306.59,42,Savings,2023-08-09,Chennai
ACC5198,James Das,GB25129578606940960035,21071.06,51,Checking,2021-07-21,Delhi
ACC5199,Sara Das,GB39592323421089028515,43463.08,47,Checking,2017-04-06,Delhi
ACC5200,Ishaan Kumar,GB33502716073607763369,40632.22,29,Checking,2020-09-06,
ACC5201,Arjun Iyer,GB31795563318574817006,40072.29,69,Savings,2018-12-23,Delhi
ACC5202,Emma Nair,GB43167045023290282270,2589.66,44,savings,2019-03-03,
ACC5203,Sophia Johnson,GB28225120734654950050,44385.43,22,Checking,2025-03-31,Chennai
ACC5204,Vivaan Singh,GB82210531611776872904,23550.3,50,Checking,2018-08-15,
ACC5205,Olivia Iyer,GB93238223116491334245,35378.25,77,savings,2023-07-10,Mumbai
ACC5206,Liam Kumar,GB29060320203265097753,31250.0,69,CHECKING,2017-05-29,Chennai
ACC5207,Neha Rao,GB14855245787158415608,5874.52,47,CHECKING,2024-04-22,Bengaluru
ACC5208,Diya Mehta,GB54768182683230358929,42926.27,85,Savings,2023-12-22,
ACC5209,Olivia Khan,GB82521293289634064686,44634.1,77,savings,2016-07-11,Delhi
ACC5210,Aarav Nair,GB84399106227236266933,41633.62,27,Checking,2025-10-20,Delhi
ACC5211,Kabir Singh,GB92372450184819737418,37017.04,76,Checking,2015-10-16,Delhi
ACC5212,James Patel,GB41769274381199537660,31722.03,53,savings,2025-02-22,Delhi
ACC5213,Arjun Gupta,GB45101739739641789969,25707.82,66,Savings,2021-09-30,Bengaluru
ACC5214,Karan Iyer,GB13599660577980660392,719.29,60,Savings,2018-04-12,Chennai
ACC5215,Aarav Das,GB45553470574238856527,42760.64,60,savings,2021-11-29,
ACC5216,Rohan Gupta,GB11659726347557522501,9084.38,57,savings,2023-06-27,
ACC5217,Sara Johnson,GB13119642585626149915,49971.66,74,Savings,2017-10-04,
ACC5218,Kabir Rao,INVALID-IBAN-000,10835.66,46,Checking,2024-10-24,Mumbai
ACC5219,Mateo Garcia,GB43097768893628969645,40073.02,51,CHECKING,2019-02-25,Delhi
ACC5220,Rohan Gupta,GB12538921878519358374,28500.09,24,CHECKING,2021-12-09,Chennai
ACC5221,Priya Kumar,GB20878057215149409762,49303.43,45,CHECKING,2018-06-23,
ACC5222,Emma Gupta,GB86289509059119186233,48978.99,40,Checking,2015-05-01,Chennai
ACC5223,Diya Gupta,GB69666725214526471246,,62,Savings,2018-10-23,Chennai
ACC5224,Diya Rao,INVALID-IBAN-000,30111.05,89,Savings,2022-08-28,Delhi
ACC5225,Diya Johnson,INVALID-IBAN-000,49249.0,19,Savings,2018-08-31,Chennai
ACC5226,Emma Sharma,GB99512397283512959272,25120.1,74,Savings,2021-12-23,Bengaluru
ACC5227,Sara Iyer,GB44152982173929578671,33269.61,26,savings,2017-10-05,Delhi
ACC5228,Kabir Khan,GB73605079181589988683,13769.36,35,CHECKING,2023-07-25,Mumbai
ACC5229,Emma Kumar,GB61707158796474080314,44550.67,87,Checking,2022-03-10,Delhi
ACC5230,Vivaan Sharma,INVALID-IBAN-000,14798.77,42,savings,2025-10-24,
ACC5231,Vivaan Kumar,GB82850317235137399006,9904.51,32,savings,2015-01-20,Mumbai
ACC5232,Liam Johnson,GB35602293946943460666,13543.38,42,CHECKING,2017-11-04,
ACC5233,Aarav Singh,INVALID-IBAN-000,38239.89,34,Checking,2015-10-16,Bengaluru
ACC5234,Diya Johnson,GB71285246484494116318,42245.94,43,Checking,2020-10-23,Bengaluru
ACC5235,Priya Chopra,GB30621136957279083350,28224.47,37,savings,2024-08-21,Delhi
ACC5236,Ishaan Reddy,GB06624813235707139848,7635.45,88,savings,2015-08-21,Bengaluru
ACC5237,Ananya Kumar,GB09255021306090691309,27051.92,20,CHECKING,2025-07-05,
ACC5238,Noah Mehta,GB67379457727853242642,18087.94,20,CHECKING,2024-01-13,Delhi
ACC5239,Kabir Patel,GB83625366677767555628,9898.71,-5,Checking,2021-05-17,Mumbai
ACC5240,Neha Reddy,GB86543627187496033582,32812.4,84,CHECKING,2017-01-08,Chennai
ACC5241,Aarav Garcia,GB24926932657327599801,39241.59,28,Savings,2015-02-05,Bengaluru
ACC5242,Liam Nair,GB53234159597752441822,7744.47,33,CHECKING,2016-10-10,
ACC5243,Sara Chopra,GB43127102676720957992,22090.34,20,CHECKING,2025-08-13,
ACC5244,Olivia Gupta,GB51229462135415970996,49580.94,64,savings,2017-02-25,
ACC5245,James Sharma,GB20344765047158029090,14786.88,43,CHECKING,2019-04-06,Chennai
ACC5246,Vivaan Rao,GB55866525483744171581,661.88,34,Savings,2017-09-22,Bengaluru
ACC5247,Ishaan Reddy,GB93110059129751910231,8871.53,29,Savings,2019-11-09,Mumbai
ACC5248,Meera Patel,GB65837379274907280123,12794.71,87,Checking,2022-11-07,Bengaluru
ACC5249,Ananya Garcia,GB53269496843645380442,2764.99,26,CHECKING,2018-11-10,Bengaluru
ACC5250,Neha Kumar,GB70159591945757574758,49954.42,42,Checking,2021-08-02,Mumbai
ACC5251,Vivaan Reddy,GB75677722660256265062,7127.45,41,Checking,2016-01-24,Bengaluru
ACC5252,Noah Chopra,GB53076248433797662705,48052.69,26,savings,2022-12-01,Chennai
ACC5253,Neha Mehta,GB87367042549691928455,40259.78,34,savings,2021-05-04,Chennai
ACC5254,Ananya Sharma,GB63353574859532593993,40572.76,49,CHECKING,2021-04-26,Chennai
ACC5255,Aarav Gupta,GB16295187794176342507,11952.57,18,savings,2018-12-29,
ACC5256,Priya Smith,GB57598339914038843660,14557.94,44,Checking,2018-04-27,Bengaluru
ACC5257,Aarav Kumar,GB72768297514743974292,15801.59,20,Savings,2015-08-03,Delhi
ACC5258,Sara Chopra,GB56806562590459908027,2725.83,26,Checking,2016-09-12,Bengaluru
ACC5259,Arjun Johnson,GB31555165176808662813,22149.16,32,savings,2017-07-20,Mumbai
ACC5260,Vivaan Sharma,GB37003322855660847068,2932.06,43,Savings,2017-05-05,Mumbai
ACC5261,Karan Chopra,INVALID-IBAN-000,34942.12,65,Checking,2019-06-15,Mumbai
ACC5262,Kabir Sharma,GB94485862394535461470,21999.94,83,CHECKING,2017-04-18,Mumbai
ACC5263,Diya Patel,GB13394394570394380403,41394.15,60,Checking,2020-08-08,Chennai
ACC5264,Liam Das,GB92778943191009004047,18761.76,90,Checking,2016-02-03,Bengaluru
ACC5265,Olivia Garcia,GB65146040142473107201,3847.81,48,CHECKING,2024-10-02,
ACC5266,Sara Rao,GB97123166007676209014,35350.04,79,Checking,2023-12-29,Delhi
ACC5267,Aarav Rao,GB33700968730451957782,18350.01,65,Checking,2018-08-06,Delhi
ACC5268,Sophia Johnson,GB57542786561942557782,44431.92,61,Checking,2021-09-18,Delhi
ACC5269,Sara Johnson,GB92361618808190482357,5404.53,-5,CHECKING,2020-11-12,Chennai
ACC5270,Rohan Reddy,GB13723081721436438130,319.11,55,Savings,2017-04-28,Mumbai
ACC5271,Ananya Nair,GB16560945653469979907,48839.18,81,savings,2018-12-10,Bengaluru
ACC5272,James Chopra,GB68169957060717481131,22461.65,61,Checking,2021-10-08,Chennai
ACC5273,Vivaan Gupta,GB73961029087182749680,12286.82,33,CHECKING,2016-12-13,Chennai
ACC5274,Emma Johnson,INVALID-IBAN-000,29856.58,72,Savings,2022-09-14,Mumbai
ACC5275,Ananya Garcia,GB30626042359737112229,27919.92,74,CHECKING,2019-02-10,Chennai
ACC5276,Aarav Reddy,GB16704686111457683210,7680.76,41,Checking,2020-01-02,
ACC5277,Olivia Rao,GB29618033242605080184,29071.43,19,savings,2024-11-15,Mumbai
ACC5278,Liam Khan,GB33777312688122821781,28090.95,49,CHECKING,2024-06-01,Delhi
ACC5279,Rohan Rao,GB60560356793279862398,14025.2,27,CHECKING,2021-09-22,Bengaluru
ACC5280,Sophia Nair,GB20546475489547876989,29766.77,35,CHECKING,2018-10-12,Bengaluru
ACC5281,Priya Gupta,GB91444498355393543586,13565.37,72,Checking,2023-08-14,
ACC5282,Kabir Mehta,GB58853798214339527536,23959.34,52,CHECKING,2021-01-10,Delhi
ACC5283,Kabir Rao,GB41686013477894896340,49069.67,80,Savings,2020-05-05,Chennai
ACC5284,Noah Gupta,GB21500141884216309001,16549.1,53,savings,2019-10-27,Mumbai
ACC5285,Rohan Khan,GB94853208953263890219,36893.03,52,CHECKING,2016-05-25,Bengaluru
ACC5286,Rohan Kumar,GB79223410346996733116,35477.46,74,Checking,2023-04-16,Chennai
ACC5287,Neha Singh,INVALID-IBAN-000,38135.32,44,CHECKING,2019-11-24,
ACC5288,Liam Gupta,INVALID-IBAN-000,25131.75,67,CHECKING,2021-10-20,Mumbai
ACC5289,Olivia Smith,GB96263355643436970931,22338.41,20,CHECKING,2021-05-30,Delhi
ACC5290,Olivia Singh,INVALID-IBAN-000,21532.74,75,CHECKING,2016-01-02,Chennai
ACC5291,James Reddy,GB54722398983065031219,34613.3,24,savings,2015-11-21,
ACC5292,James Das,GB26423642813190924876,44693.56,48,Savings,2024-01-22,Mumbai
ACC5293,Neha Nair,GB14281785228230524808,24977.74,25,CHECKING,2016-07-06,Mumbai
ACC5294,Vivaan Chopra,GB23959473721329016204,22769.02,80,CHECKING,2021-03-04,
ACC5295,Noah Das,GB85996486287203195419,45160.34,66,CHECKING,2018-05-11,Delhi
ACC5296,Aarav Gupta,GB03627924632037476775,44060.36,77,Checking,2019-08-31,Bengaluru
ACC5297,Rohan Smith,GB14505766194588707155,9270.7,82,Checking,2015-02-15,Bengaluru
ACC5298,Kabir Rao,GB83850765975954508917,37803.87,73,Savings,2022-06-22,
ACC5299,Karan Nair,GB26574223196463004023,20627.98,42,CHECKING,2023-12-19,Mumbai
ACC5300,Sophia Rao,GB30120471372711759574,28640.69,88,savings,2022-01-30,Delhi
ACC5301,Arjun Smith,GB98493306745847609441,41115.48,89,Checking,2024-06-21,Mumbai
ACC5302,Rohan Das,GB18856669541329715066,40660.57,37,CHECKING,2020-04-22,Bengaluru
ACC5303,Liam Reddy,GB37769366343925295961,4583.32,28,Savings,2016-09-06,
ACC5304,Sophia Chopra,GB20072024559102451091,49403.33,18,Checking,2023-11-08,Mumbai
ACC5305,Noah Chopra,GB94981942179428179340,19366.37,61,Checking,2022-10-17,Chennai
ACC5306,Mateo Reddy,GB44663453372201091217,5868.54,27,savings,2023-08-22,Delhi
ACC5307,Liam Khan,GB66189437052635100462,40532.2,77,CHECKING,2023-10-16,Delhi
ACC5308,Mateo Smith,GB65920246175202389743,35899.61,71,Savings,2023-08-24,Bengaluru
ACC5309,Olivia Gupta,GB55017833258486899936,,23,CHECKING,2025-10-24,
ACC5310,Sara Mehta,GB70450691767993593744,44521.42,22,Checking,2022-06-30,
ACC5311,James Singh,GB83037360601488608490,24580.1,45,savings,2023-09-29,Bengaluru
ACC5312,Rohan Singh,GB52830615370124244626,9806.71,38,savings,2016-02-04,Delhi
ACC5313,Emma Nair,GB21031421751887817941,17491.08,29,savings,2016-12-23,Chennai
ACC5314,Meera Rao,GB91122528837505661863,7959.91,79,Savings,2025-12-12,Mumbai
ACC5315,Priya Das,GB53007309505560571219,25785.97,32,Checking,2020-04-23,Chennai
ACC5316,Sara Gupta,GB05348640104246245618,17871.15,81,savings,2023-04-14,Delhi
ACC5317,Sophia Sharma,INVALID-IBAN-000,13900.34,41,Savings,2024-10-01,Mumbai
ACC5318,Arjun Iyer,GB14551293913044881898,14508.92,88,savings,2016-02-16,Chennai
ACC5319,Vivaan Mehta,GB61540211901707568142,29338.12,89,Checking,2015-12-02,Delhi
ACC5320,Ishaan Johnson,GB91073228360849378306,10155.88,67,Checking,2024-04-02,
ACC5321,Emma Reddy,GB96944391649701693429,8810.08,33,Checking,2016-06-26,Bengaluru
ACC5322,Rohan Khan,GB16234190310615372215,15918.14,70,CHECKING,2022-05-25,
ACC5323,James Das,GB23653377460406720078,14098.18,-5,Savings,2024-11-18,Delhi
ACC5324,Kabir Mehta,GB60781975437347642737,45192.73,20,Checking,2022-03-27,Chennai
ACC5325,Noah Khan,GB88214584148460191344,40390.36,89,Checking,2022-01-14,Chennai
ACC5326,Arjun Sharma,GB05869507321464493699,27983.11,30,CHECKING,2020-04-16,
ACC5327,Meera Khan,GB55738573680119236037,20324.17,27,Savings,2022-08-21,
ACC5328,Mateo Smith,GB33510409614973153911,40173.5,86,Checking,2015-06-30,Chennai
ACC5329,James Johnson,GB07365118939406557820,36814.49,20,savings,2017-02-27,Mumbai
ACC5330,Ishaan Khan,GB23332470739201354621,41597.79,38,CHECKING,2019-03-29,Bengaluru
ACC5331,Ishaan Reddy,INVALID-IBAN-000,8342.33,71,Savings,2015-12-14,Mumbai
ACC5332,Meera Nair,GB16324888995729893762,30352.91,74,savings,2018-07-17,Delhi
ACC5333,Neha Garcia,GB03646871912038187692,2168.0,41,Checking,2023-12-17,Mumbai
ACC5334,Rohan Patel,GB98138815881445822067,42437.37,44,Checking,2024-01-02,Mumbai
ACC5335,Ananya Smith,GB16815724500000015291,3672.95,42,CHECKING,2025-09-08,Bengaluru
ACC5336,Mateo Reddy,GB90255618444218299874,24302.53,27,Checking,2016-12-20,Delhi
ACC5337,Arjun Patel,GB70867009004365515848,7072.91,66,Savings,2017-08-23,Chennai
ACC5338,Kabir Rao,GB55054296080706336998,22731.19,63,Savings,2023-08-30,
ACC5339,Arjun Johnson,GB04016481880442877383,,42,Savings,2019-06-26,Delhi
ACC5340,Rohan Smith,GB26942894642036258631,15134.04,50,Savings,2020-03-07,Bengaluru
ACC5341,Noah Mehta,GB62554026355824301764,20265.18,53,savings,2020-10-02,
ACC5342,Arjun Sharma,GB15388824527905040433,45782.54,44,savings,2017-03-06,
ACC5343,James Gupta,GB16321119787180933913,24375.34,35,CHECKING,2022-03-22,Delhi
ACC5344,Rohan Patel,GB01198756178688002300,29097.56,60,CHECKING,2016-04-03,
ACC5345,Kabir Sharma,GB65774491609365952014,29986.42,33,savings,2016-03-21,
ACC5346,Emma Khan,GB87509263223998213745,16553.58,27,Savings,2017-11-11,Bengaluru
ACC5347,Emma Smith,GB60505376660811260030,25772.96,44,savings,2019-05-19,Chennai
ACC5348,Neha Nair,GB06271531234550688269,4993.07,80,CHECKING,2023-07-23,
ACC5349,Kabir Garcia,GB44013480873543788260,10204.02,65,Savings,2015-08-07,Bengaluru
ACC5350,Olivia Das,GB09085991449207492699,31000.67,71,CHECKING,2024-10-01,Delhi
ACC5351,Sara Das,GB84285969325914084993,47641.07,42,Savings,2017-01-27,Mumbai
ACC5352,Emma Smith,GB66980690872617607234,27863.81,47,Checking,2018-08-27,
ACC5353,Olivia Khan,GB82804056129965082695,26997.27,36,CHECKING,2022-05-31,Delhi
ACC5354,Ananya Singh,GB56130876123859514346,26844.14,48,savings,2024-07-12,
ACC5355,James Patel,GB27300869661016831139,16409.47,21,Savings,2025-08-08,Bengaluru
ACC5356,Noah Patel,GB41491507628397620534,13141.14,81,CHECKING,2019-12-19,
ACC5357,Emma Singh,GB72662925081776029914,648.12,85,savings,2015-10-03,Mumbai
ACC5358,Meera Garcia,GB12552356178170321192,-476.55,32,Checking,2023-06-01,Chennai
ACC5359,Rohan Gupta,GB78956133718444902950,6612.98,68,savings,2020-09-21,Bengaluru
ACC5360,Diya Kumar,GB03734167812778221021,43848.16,86,Checking,2016-02-24,Mumbai
ACC5361,James Kumar,GB85797363831828560539,37388.7,20,CHECKING,2023-10-23,
ACC5362,Sara Kumar,GB17706736820506821223,31273.33,59,Checking,2015-12-20,Chennai
ACC5363,Olivia Sharma,GB87146921821925967908,,52,Checking,2019-10-28,
ACC5364,Neha Mehta,GB02205093869484249598,27453.81,26,Savings,2018-03-07,Delhi
ACC5365,Mateo Das,GB07152386767382097461,48157.94,26,CHECKING,2020-07-20,
ACC5366,Sara Chopra,GB29968722589370858062,33958.11,48,savings,2015-08-01,Delhi
ACC5367,Aarav Reddy,GB66957900124825544286,22764.63,68,Checking,2016-07-28,Delhi
ACC5368,Neha Mehta,GB32894633891562415285,35982.25,79,Checking,2025-04-01,Delhi
ACC5369,Noah Johnson,GB26933589513818655078,12773.89,67,savings,2015-03-06,
ACC5370,Liam Chopra,GB44303491891179720385,28889.84,52,Savings,2015-12-19,Delhi
ACC5371,Meera Singh,GB54715531325936781367,42503.75,23,Savings,2025-10-06,
ACC5372,James Smith,GB14105276981987809270,13219.94,34,Checking,2024-06-21,
ACC5373,Arjun Reddy,GB25866059867874422758,16532.91,53,savings,2023-03-21,
ACC5374,Sophia Reddy,GB59428249116502000245,31777.83,47,Savings,2025-09-30,Mumbai
ACC5375,Kabir Iyer,GB51305570836821444889,18844.91,80,Checking,2020-08-08,Mumbai
ACC5376,Sophia Das,GB74620258254318328123,41735.1,34,Checking,2021-10-20,Mumbai
ACC5377,Aarav Mehta,GB06018364723875082768,35161.42,76,Checking,2023-10-29,Mumbai
ACC5378,Olivia Chopra,GB45847262905291876831,19321.03,88,Checking,2023-01-21,Chennai
ACC5379,Diya Chopra,GB73373992052229993621,36506.66,59,Savings,2022-03-07,Delhi
ACC5380,Rohan Smith,GB25539835844617773264,11980.33,20,savings,2017-12-05,Delhi
ACC5381,Karan Chopra,GB12799702927120539787,35797.61,45,CHECKING,2022-12-09,Delhi
ACC5382,Kabir Khan,GB01256083200487978889,,44,savings,2022-06-26,
ACC5383,Olivia Johnson,GB86003044361995171523,43536.33,29,Savings,2023-09-26,Mumbai
ACC5384,Karan Johnson,GB95014374830930967139,24743.19,32,Checking,2019-06-18,Bengaluru
ACC5385,Kabir Smith,GB21767201911166122019,35944.37,75,Checking,2023-02-09,Delhi
ACC5386,Arjun Das,GB39304936653802748124,8394.93,29,savings,2015-04-04,
ACC5387,Noah Smith,GB09522946209355610399,16934.56,81,Savings,2023-09-15,Bengaluru
ACC5388,Rohan Das,GB43658585642304120270,20834.22,64,Checking,2020-05-17,Mumbai
ACC5389,Sara Chopra,GB29907166906322481554,47622.18,38,Savings,2017-06-27,Delhi
ACC5390,Vivaan Khan,GB09567975649157955462,47261.39,50,CHECKING,2024-06-09,Bengaluru
ACC5391,Kabir Rao,GB01080181030683176417,7674.66,84,Savings,2021-02-07,Bengaluru
ACC5392,Arjun Iyer,GB57129015071380671307,35487.37,60,Savings,2025-11-12,Bengaluru
ACC5393,Emma Reddy,GB47436213009625885766,29606.09,81,Savings,2017-04-17,Bengaluru
ACC5394,Sara Sharma,GB39627466621591832700,2407.83,52,CHECKING,2019-08-27,Chennai
ACC5395,Diya Mehta,GB90110797714004938819,37743.01,52,Savings,2018-07-14,Mumbai
ACC5396,Ananya Gupta,GB04998094976987313797,34100.36,71,CHECKING,2021-10-05,
ACC5397,Emma Iyer,GB61237407794332562389,29553.63,90,Savings,2021-11-05,Chennai
ACC5398,Aarav Nair,GB42620370878211602041,42405.78,87,Savings,2017-08-21,Delhi
ACC5399,Neha Das,GB11708894801864482217,47313.56,63,Checking,2021-05-28,Chennai
ACC5400,Arjun Reddy,GB08200480675712369149,19863.09,28,Checking,2020-09-23,Chennai
ACC5401,Karan Rao,GB96882769704095314196,5180.9,72,Savings,2020-07-17,
ACC5402,Rohan Johnson,GB88356517962409649668,12057.07,51,CHECKING,2015-04-15,Delhi
ACC5403,Mateo Mehta,GB70285162259364882089,47987.78,46,savings,2020-12-29,Chennai
ACC5404,Sara Khan,GB62467287991609114131,29118.15,49,savings,2022-06-01,
ACC5405,Ishaan Garcia,GB13376052304588165025,45274.67,53,savings,2020-07-22,Mumbai
ACC5406,James Iyer,GB65034409661771824989,37526.91,23,Savings,2024-09-18,Chennai
ACC5407,Mateo Smith,GB17468135926648698939,19489.29,88,CHECKING,2018-06-30,
ACC5408,Noah Mehta,GB15594501192920753605,,78,Savings,2019-09-27,Bengaluru
ACC5409,Rohan Singh,GB53621894559067000994,40253.17,-5,savings,2017-01-02,Bengaluru
ACC5410,Emma Singh,GB48966760564204565775,26644.66,21,CHECKING,2023-10-11,Delhi
ACC5411,Liam Khan,GB89062354662265401659,30216.13,47,Savings,2015-02-07,Chennai
ACC5412,Ishaan Johnson,GB24276774625916011241,4161.16,82,savings,2020-12-24,
ACC5413,Noah Patel,INVALID-IBAN-000,45174.08,86,Savings,2016-03-19,Chennai
ACC5414,Karan Singh,GB78231299570472642612,,39,Savings,2017-04-15,
ACC5415,James Khan,GB75365968078525482421,33423.33,47,savings,2024-11-07,Delhi
ACC5416,Olivia Rao,INVALID-IBAN-000,33628.94,72,savings,2018-06-05,Delhi
ACC5417,Emma Das,GB23112327489791776334,32075.78,39,CHECKING,2016-11-26,Bengaluru
ACC5418,Meera Singh,GB17508019630453069358,24903.59,36,savings,2021-12-31,Mumbai
ACC5419,Liam Khan,GB00181677848165244454,12725.32,24,Checking,2024-03-10,
ACC5420,Olivia Nair,GB93781053912878848699,28753.63,85,Checking,2024-12-03,
ACC5421,Vivaan Mehta,GB57927147246301986424,6176.16,44,Checking,2021-08-23,Chennai
ACC5422,Ishaan Khan,GB12187062932880983221,1761.5,32,Savings,2017-01-28,Mumbai
ACC5423,Ishaan Sharma,INVALID-IBAN-000,34429.08,67,CHECKING,2019-11-13,Chennai
ACC5424,Diya Patel,GB89876108143561403845,32318.72,28,Savings,2023-10-26,Chennai
ACC5425,James Kumar,GB82354695100307620545,47601.09,66,CHECKING,2024-05-09,Bengaluru
ACC5426,Liam Sharma,GB06666411065411340785,4578.86,52,CHECKING,2015-06-21,
ACC5427,Neha Sharma,GB83668348268999626970,26161.7,87,CHECKING,2021-04-04,
ACC5428,Arjun Iyer,GB79150596257197609320,,34,CHECKING,2024-11-18,Delhi
ACC5429,Mateo Johnson,GB41809521755851777412,24158.03,67,Checking,2023-10-17,Bengaluru
ACC5430,Diya Smith,GB99626422297589170454,45770.52,31,savings,2022-08-21,Delhi
ACC5431,Olivia Chopra,GB05682092257090016356,13393.0,24,CHECKING,2016-12-04,Mumbai
ACC5432,Kabir Rao,GB72828954001788224731,6380.61,71,Savings,2019-05-15,
ACC5433,Olivia Sharma,GB05801195092711526105,,74,Savings,2024-03-16,
ACC5434,Kabir Garcia,INVALID-IBAN-000,22849.96,73,savings,2022-08-19,Bengaluru
ACC5435,Aarav Chopra,GB18948543298769893652,29556.49,53,CHECKING,2023-08-04,Bengaluru
ACC5436,Sophia Nair,GB82734813104502589632,2970.4,55,Checking,2025-11-20,Delhi
ACC5437,Mateo Rao,GB35268064860673983448,24920.68,88,savings,2025-11-07,Mumbai
ACC5438,Liam Khan,GB46280550774065795515,48026.51,38,Checking,2021-05-01,Mumbai
ACC5439,Aarav Patel,GB55107409131117861902,16090.97,55,CHECKING,2022-08-25,Chennai
ACC5440,Vivaan Johnson,GB06953541201227595002,42926.55,24,Savings,2018-08-01,Bengaluru
ACC5441,Liam Garcia,GB25947950740717327980,46502.89,64,Savings,2025-03-30,Mumbai
ACC5442,Ananya Patel,INVALID-IBAN-000,19329.86,45,savings,2023-09-01,Bengaluru
ACC5443,Meera Iyer,INVALID-IBAN-000,17084.6,22,Checking,2019-10-21,Bengaluru
ACC5444,Arjun Mehta,GB84913599285535952056,3068.41,25,CHECKING,2025-10-22,Chennai
ACC5445,Karan Sharma,GB69680186774037842339,42338.04,57,savings,2024-08-31,Mumbai
ACC5446,Aarav Sharma,GB76255032501736542624,,86,savings,2017-01-22,
ACC5447,Vivaan Johnson,GB92334511009060530886,25277.06,49,Savings,2016-09-12,Bengaluru
ACC5448,Ananya Singh,GB32904575988759212996,,-5,Savings,2017-08-03,Mumbai
ACC5449,Sophia Johnson,GB27558214770920711523,35541.56,88,Savings,2017-01-11,Mumbai
ACC5450,Sophia Johnson,GB92158189705916118638,18257.13,88,Savings,2023-03-11,
ACC5451,Liam Das,GB72168800537893186928,45385.05,79,Checking,2024-01-05,
ACC5452,James Gupta,GB40182272002839482322,,29,savings,2018-02-15,Chennai
ACC5453,James Garcia,GB81165993020203042322,35705.45,81,savings,2024-07-15,Mumbai
ACC5454,Diya Khan,GB30281650646300593777,17470.88,30,Checking,2016-06-24,Bengaluru
ACC5455,Aarav Johnson,GB16174690298310438419,19048.52,38,Checking,2021-05-13,Bengaluru
ACC5456,Meera Iyer,GB08056856670636219865,17764.36,56,savings,2023-09-25,Delhi
ACC5457,Emma Patel,GB66349339650496273226,6301.83,33,Savings,2018-04-25,Mumbai
ACC5458,James Garcia,GB25854218808799196234,45325.71,28,CHECKING,2017-12-15,Mumbai
ACC5459,Meera Gupta,GB24725058333430311587,19986.22,65,savings,2019-02-23,Chennai
ACC5460,Noah Rao,GB76945353659746698616,10035.4,53,Checking,2015-11-20,Mumbai
ACC5461,Liam Mehta,GB80959481526925596647,8677.05,48,Savings,2020-01-31,Delhi
ACC5462,Kabir Khan,GB91426140489332614543,35778.91,25,CHECKING,2021-05-09,Chennai
ACC5463,Rohan Das,GB00817852211587184523,17818.78,53,Checking,2019-11-09,
ACC5464,Mateo Rao,GB70173208652377729665,20040.25,42,CHECKING,2015-01-14,Bengaluru
ACC5465,James Patel,GB05278105580002722142,15649.32,-5,Savings,2019-10-09,Bengaluru
ACC5466,Neha Mehta,GB91368172031369552862,45277.45,21,Checking,2021-06-15,Chennai
ACC5467,Rohan Reddy,GB59533222739389920457,34405.09,46,savings,2017-07-12,Mumbai
ACC5468,Rohan Kumar,GB85076108708269718236,1448.01,19,CHECKING,2016-05-25,Mumbai
ACC5469,Noah Iyer,GB83882176484673574223,48973.74,45,Checking,2016-08-03,Mumbai
ACC5470,Arjun Sharma,GB94425892225606295350,44961.02,49,CHECKING,2024-09-10,Mumbai
ACC5471,Ananya Iyer,GB46741307538418520136,8313.0,25,savings,2022-06-12,Chennai
ACC5472,Rohan Chopra,GB61547055491215164119,38204.57,61,savings,2019-10-21,Delhi
ACC5473,Aarav Nair,GB69395787520702042620,3091.59,81,Savings,2016-07-10,Bengaluru
ACC5474,Kabir Mehta,GB39369678976098731267,44606.42,47,Savings,2023-12-13,
ACC5475,Ishaan Smith,GB60759889786533943191,31313.25,-5,savings,2018-06-18,Mumbai
ACC5476,Aarav Gupta,GB12021915057644974700,-439.87,71,CHECKING,2019-06-09,Delhi
ACC5477,Emma Kumar,GB49797416365604500635,15394.1,46,CHECKING,2017-03-26,Bengaluru
ACC5478,Karan Singh,GB96927711952963530597,35810.3,40,savings,2018-12-03,Bengaluru
ACC5479,Ishaan Johnson,GB36431594898959654663,14576.12,60,savings,2024-10-22,Delhi
ACC5480,Rohan Mehta,GB14916999393449743946,12821.61,85,Checking,2016-08-21,Mumbai
ACC5481,Vivaan Gupta,GB29739889413210972021,42951.27,23,CHECKING,2018-08-31,Delhi
ACC5482,Arjun Reddy,GB65579220300449646129,10784.03,24,Savings,2016-08-02,Delhi
ACC5483,Diya Smith,GB37565896359570861993,47191.28,51,savings,2021-03-13,Delhi
ACC5484,Meera Rao,GB66311388503423622033,15156.38,55,Checking,2017-12-21,Chennai
ACC5485,Meera Iyer,INVALID-IBAN-000,11215.53,75,CHECKING,2020-08-28,Chennai
ACC5486,Sara Sharma,INVALID-IBAN-000,39469.22,58,Checking,2021-05-19,Delhi
ACC5487,Noah Patel,GB17741743043502385022,40660.87,53,CHECKING,2019-05-20,Delhi
ACC5488,Ishaan Das,GB23328293020256913303,609.31,43,savings,2019-07-31,Chennai
ACC5489,Mateo Nair,GB16750762799553024530,3451.22,40,Checking,2023-03-29,
ACC5490,Sara Rao,GB23034202847190172224,2132.02,65,Savings,2019-12-05,Chennai
ACC5491,James Das,GB17754619924065838727,31260.58,61,Savings,2017-01-06,Mumbai
ACC5492,Liam Patel,GB95668448237337912121,3840.61,24,Savings,2020-12-14,Chennai
ACC5493,Arjun Patel,GB58690170740392519994,34569.47,40,savings,2023-03-31,Bengaluru
ACC5494,Priya Iyer,GB27643387220542216265,34097.51,51,CHECKING,2024-07-13,Mumbai
ACC5495,Meera Sharma,GB33444704887899504702,21.38,65,CHECKING,2023-08-04,
ACC5496,Olivia Nair,GB53774926632956342777,15604.79,39,Checking,2025-03-24,Delhi
ACC5497,Karan Smith,INVALID-IBAN-000,3567.95,69,savings,2021-02-01,Bengaluru
ACC5498,Kabir Smith,INVALID-IBAN-000,18128.71,38,Checking,2021-08-23,Delhi
ACC5499,Diya Nair,GB63029559636372629420,21288.95,27,savings,2022-06-09,Delhi
ACC5500,Neha Sharma,GB85133138004983211221,47462.72,40,Savings,2019-03-05,Delhi
ACC5501,Arjun Iyer,GB82686876401918548806,15119.85,57,Checking,2024-05-22,Bengaluru
ACC5502,Vivaan Singh,GB87787358566464196234,32754.45,32,Checking,2023-01-07,Chennai
ACC5503,Kabir Johnson,GB20410429483147891179,22048.93,70,savings,2021-06-14,
ACC5504,Diya Johnson,GB31800366602000532853,26970.58,42,Savings,2015-01-16,Delhi
ACC5505,Vivaan Gupta,GB43838058269299007686,7782.71,76,CHECKING,2025-06-20,Mumbai
ACC5506,Rohan Johnson,GB38963376185186267136,27383.57,31,Savings,2025-11-30,Bengaluru
ACC5507,Meera Smith,GB23392188352791875067,24396.92,30,Savings,2019-09-27,Delhi
ACC5508,Karan Johnson,INVALID-IBAN-000,44892.12,86,Savings,2024-08-08,Delhi
ACC5509,Rohan Nair,GB79761781596983845720,49529.13,37,CHECKING,2019-03-24,Delhi
ACC5510,Noah Singh,GB95912573498992553946,31227.87,19,CHECKING,2023-04-12,Delhi
ACC5511,Kabir Sharma,GB72966941799670808974,34143.08,81,savings,2021-04-09,Delhi
ACC5512,Neha Mehta,GB18398416734785369881,49860.7,55,Savings,2017-12-22,Delhi
ACC5513,Liam Sharma,GB28605210262706648900,41913.3,40,savings,2020-12-29,Delhi
ACC5514,Olivia Iyer,GB08898305748839974185,20507.7,48,Savings,2016-09-03,Chennai
ACC5515,Olivia Sharma,INVALID-IBAN-000,10249.13,62,CHECKING,2023-07-10,Chennai
ACC5516,Diya Reddy,GB05641849378467908701,26306.38,38,CHECKING,2024-11-06,Bengaluru
ACC5517,Aarav Iyer,GB36510344442990674568,45070.54,69,savings,2016-11-06,Delhi
ACC5518,Vivaan Singh,GB21559967256222190533,46559.44,55,CHECKING,2023-11-23,Bengaluru
ACC5519,James Chopra,GB64845593965213835071,48457.18,54,savings,2023-03-04,Delhi
ACC5520,Meera Iyer,GB90036221173277264883,30683.02,89,savings,2022-12-27,Delhi
ACC5521,Sara Gupta,GB94252516185759171050,26219.2,-5,savings,2018-06-17,
ACC5522,Ananya Rao,GB44735352478417159497,9571.66,55,Checking,2015-05-31,Delhi
ACC5523,Rohan Chopra,GB03318361133892608788,44426.03,89,Savings,2018-12-15,Mumbai
ACC5524,Priya Chopra,GB48625152174653537801,25350.15,31,savings,2019-10-07,Chennai
ACC5525,Meera Mehta,GB67177629691433629994,,73,savings,2025-11-23,Delhi
ACC5526,Vivaan Sharma,GB10898573908352118968,14170.72,54,Checking,2022-04-18,Delhi
ACC5527,Noah Rao,GB88499795728575958281,42050.64,24,Checking,2016-08-10,Bengaluru
ACC5528,Mateo Das,GB91248839717059844514,39637.65,44,CHECKING,2020-07-26,Mumbai
ACC5529,Arjun Singh,GB11230388568119397814,47235.63,61,Savings,2024-12-14,Bengaluru
ACC5530,Neha Johnson,GB77905528669335158807,48039.83,19,savings,2017-03-10,Mumbai
ACC5531,Noah Sharma,GB11939103829742551360,28485.37,85,savings,2024-04-07,
ACC5532,Diya Iyer,INVALID-IBAN-000,16050.88,35,savings,2017-05-19,Chennai
ACC5533,Meera Singh,GB58736627135896933539,2547.86,18,savings,2021-02-08,Delhi
ACC5534,Sophia Nair,GB47315663979255116436,47804.2,23,Checking,2024-05-26,
ACC5535,Rohan Chopra,GB70289666053428164416,3365.44,31,CHECKING,2025-10-02,Delhi
ACC5536,Meera Gupta,GB46405103880273042763,20822.14,83,Savings,2017-12-14,Delhi
ACC5537,James Das,GB93953096906764909228,26597.34,53,CHECKING,2023-08-01,Delhi
ACC5538,Liam Reddy,GB35872717430688116403,14905.88,44,Savings,2020-09-08,Chennai
ACC5539,Meera Chopra,GB58333647704130909153,25388.88,71,Savings,2017-02-02,
ACC5540,Kabir Singh,GB42041231905772044100,35217.44,81,savings,2016-02-13,
ACC5541,Meera Johnson,GB38109794122487098726,49139.66,70,Checking,2017-01-20,Mumbai
ACC5542,Olivia Nair,GB42240432611890034686,4510.45,66,Checking,2015-07-25,Chennai
ACC5543,Aarav Smith,GB72020095366219536890,3.81,77,CHECKING,2021-10-13,Delhi
ACC5544,Aarav Patel,GB32590073971307221138,40556.34,90,Savings,2023-05-03,
ACC5545,Priya Nair,GB72210454617192817074,14972.86,70,Savings,2016-08-15,Mumbai
ACC5546,Emma Mehta,GB22521602523941209447,39790.73,78,Checking,2019-03-20,
ACC5547,Aarav Garcia,GB65513276179480245598,17213.16,66,Savings,2016-06-22,Bengaluru
ACC5548,Diya Iyer,GB89126864986478686237,18658.14,25,Savings,2020-08-10,
ACC5549,James Mehta,GB08378191907499216400,19885.03,85,Checking,2019-05-29,
ACC5550,Kabir Garcia,GB34848647082139865462,6975.73,-5,Checking,2015-09-28,Mumbai
ACC5551,Meera Chopra,GB20550330000886346739,5117.11,18,Savings,2020-10-15,
ACC5552,Karan Nair,GB16009169232737989790,19104.33,87,savings,2018-05-14,
ACC5553,Ananya Kumar,GB46300099843361137118,44060.21,58,Savings,2022-06-05,
ACC5554,Sara Reddy,GB58294203401535346607,15743.41,50,savings,2021-07-11,Delhi
ACC5555,Noah Kumar,GB01082402818223879402,48029.11,68,Checking,2015-05-18,
ACC5556,Olivia Nair,GB52735364235700412918,47496.1,88,savings,2016-03-15,
ACC5557,Diya Kumar,GB25590461007923046600,3805.28,89,Checking,2020-11-09,Mumbai
ACC5558,Mateo Nair,INVALID-IBAN-000,36032.02,40,Checking,2025-02-20,Mumbai
ACC5559,Karan Kumar,GB12048507665344604227,20657.58,46,savings,2019-04-18,Bengaluru
ACC5560,Diya Nair,GB05734724358617682251,37347.39,34,CHECKING,2022-06-29,Mumbai
ACC5561,Noah Das,GB86665622419768784947,23087.62,28,Checking,2021-06-26,Bengaluru
ACC5562,Meera Reddy,INVALID-IBAN-000,20345.44,31,savings,2020-08-12,
ACC5563,Priya Mehta,GB23543404668212156495,7763.16,50,Checking,2015-03-12,Chennai
ACC5564,James Mehta,GB11197388182730634359,39342.23,82,Checking,2023-02-13,Bengaluru
ACC5565,Arjun Rao,GB68066405110212543412,11980.3,21,Savings,2022-12-10,Chennai
ACC5566,Vivaan Mehta,GB86037218600320319789,30956.33,24,Savings,2016-01-02,Delhi
ACC5567,Vivaan Sharma,GB71317197860162590841,28882.64,54,CHECKING,2024-03-18,
ACC5568,Liam Reddy,GB11375358210728878072,38859.18,25,Checking,2020-03-31,Bengaluru
ACC5569,Sophia Iyer,GB88197223996477183753,1536.08,71,Savings,2025-02-02,Bengaluru
ACC5570,Ishaan Mehta,GB85578002443236221690,39361.77,67,CHECKING,2021-03-08,Delhi
ACC5571,Mateo Rao,GB70675169139521501642,19113.96,18,CHECKING,2025-05-28,Bengaluru
ACC5572,Meera Garcia,GB84243198392484813004,45600.17,72,Savings,2024-02-17,Bengaluru
ACC5573,Liam Khan,INVALID-IBAN-000,4597.17,27,CHECKING,2020-05-04,Delhi
ACC5574,Sara Singh,GB63395348110501476427,25031.0,72,Savings,2018-08-03,Chennai
ACC5575,Rohan Gupta,GB12817751239597815542,18507.22,23,CHECKING,2016-10-20,Mumbai
ACC5576,Noah Sharma,GB46546772051710730871,17763.52,51,CHECKING,2020-12-17,Mumbai
ACC5577,Priya Patel,GB75438027414857260292,16282.7,68,CHECKING,2016-08-27,Chennai
ACC5578,Ishaan Mehta,GB76642076327135386762,17585.79,34,Checking,2025-01-06,
ACC5579,Sophia Chopra,GB60488693205534050892,23450.4,71,Savings,2025-09-24,Delhi
ACC5580,Neha Das,GB40535670789775542619,35075.42,21,Checking,2024-04-27,
ACC5581,James Smith,GB73627320222711175769,5594.95,80,Savings,2019-09-29,Mumbai
ACC5582,Vivaan Mehta,GB85144869830521690392,8952.61,41,CHECKING,2025-10-11,
ACC5583,Sara Sharma,GB42647106801770316370,44352.7,19,Savings,2018-04-07,
ACC5584,Meera Garcia,GB72446931729476380839,1141.82,68,savings,2017-12-01,Bengaluru
ACC5585,Ishaan Reddy,GB98519393272728129163,17077.11,24,savings,2025-12-07,
ACC5586,Sophia Patel,GB66765272845397499507,36000.69,82,CHECKING,2018-05-19,Bengaluru
ACC5587,Sophia Chopra,GB60208019290221543904,12581.93,22,Checking,2016-12-11,Mumbai
ACC5588,Olivia Garcia,GB20235102555019354503,42693.47,82,savings,2022-10-18,Mumbai
ACC5589,Neha Garcia,GB33243629620805983124,37509.26,29,Checking,2024-11-12,
ACC5590,Vivaan Das,GB96599920123763177495,13531.69,26,Savings,2019-04-22,Mumbai
ACC5591,Neha Rao,GB93759192267131753626,42676.03,53,CHECKING,2018-07-28,Mumbai
ACC5592,Arjun Singh,GB12096173009928452403,7893.87,31,Savings,2018-12-20,Mumbai
ACC5593,Liam Reddy,INVALID-IBAN-000,4251.4,-5,Checking,2016-02-16,
ACC5594,Diya Mehta,GB08779724792542218834,,59,Savings,2021-08-16,Mumbai
ACC5595,Aarav Mehta,GB77067693332998651590,7879.42,77,savings,2025-10-07,Chennai
ACC5596,James Patel,GB58588382567262084672,32752.34,39,savings,2018-06-03,Mumbai
ACC5597,Liam Reddy,GB96282225018256247286,9029.5,50,Checking,2022-03-31,Bengaluru
ACC5598,Ananya Johnson,GB34149929009662702660,12744.95,61,Savings,2025-10-18,
ACC5599,Olivia Kumar,GB17400391019335389222,14542.87,77,Savings,2015-12-22,
ACC5600,Rohan Singh,GB06082770564616076264,,85,savings,2015-02-12,Bengaluru
ACC5601,Karan Gupta,GB23461762313361094416,14633.35,43,Savings,2019-05-13,Delhi
ACC5602,James Mehta,GB37277685760634942904,43939.98,26,CHECKING,2018-09-04,Delhi
ACC5603,Diya Das,INVALID-IBAN-000,3870.4,81,Checking,2016-12-07,Delhi
ACC5604,Ishaan Patel,GB48374441723456538694,22156.08,19,Checking,2019-01-10,Delhi
ACC5605,Sara Reddy,GB62689047238641009538,43657.04,58,CHECKING,2023-04-27,Delhi
ACC5606,Ishaan Nair,GB43599009378146047614,10717.51,82,savings,2018-02-03,Mumbai
ACC5607,Mateo Patel,GB61875646726368154185,40732.06,22,Savings,2016-09-02,Chennai
ACC5608,Priya Johnson,GB10845078604356605033,,72,Checking,2017-05-15,Bengaluru
ACC5609,Noah Chopra,GB30671822266794190878,32175.66,73,savings,2017-06-12,
ACC5610,Liam Patel,GB39634289876055049221,34570.7,25,savings,2022-04-07,
ACC5611,Sophia Nair,GB67066320162907399289,3544.65,90,Checking,2020-07-02,Bengaluru
ACC5612,Sara Smith,GB53371708649426942039,26545.89,48,Savings,2022-07-26,Mumbai
ACC5613,Liam Mehta,GB90145996706921958730,18077.15,85,Checking,2025-10-01,Delhi
ACC5614,Rohan Rao,GB30217816780664315890,4699.29,50,Checking,2025-02-08,
ACC5615,Ananya Gupta,INVALID-IBAN-000,46943.86,23,Savings,2020-05-03,Bengaluru
ACC5616,Neha Smith,GB40703088081726282968,8279.59,55,savings,2024-06-12,
ACC5617,Liam Sharma,GB07288959274116806919,44170.19,67,Savings,2016-12-03,Chennai
ACC5618,Noah Singh,GB80820391702634443596,31325.81,41,savings,2018-09-30,
ACC5619,Priya Sharma,GB04242536909123753028,45428.37,90,CHECKING,2019-07-18,Bengaluru
ACC5620,Rohan Singh,GB70243652405536481875,38833.67,53,Savings,2025-11-20,Mumbai
ACC5621,Noah Rao,GB88215977385466232360,18748.55,77,CHECKING,2018-03-08,
ACC5622,Ananya Smith,GB49722042986226992066,19606.83,76,CHECKING,2016-12-25,Mumbai
ACC5623,Olivia Singh,GB99299833587688777925,,73,Savings,2018-05-18,Bengaluru
ACC5624,Rohan Rao,GB08493153983912260001,14124.44,24,CHECKING,2025-06-06,Chennai
ACC5625,Kabir Nair,GB43049134103897528720,29367.55,87,CHECKING,2022-03-24,Delhi
ACC5626,Noah Mehta,GB24059208235309766919,47135.5,89,CHECKING,2016-05-27,
ACC5627,Sara Patel,GB56820175307966186957,7223.23,55,Savings,2018-06-22,Mumbai
ACC5628,Emma Chopra,GB25313795610077732175,2636.55,71,Savings,2023-07-01,
ACC5629,Ishaan Patel,GB59991938733703424447,13973.86,18,savings,2020-07-13,Chennai
ACC5630,Aarav Das,GB86235107651917085173,48031.19,39,savings,2015-11-18,Delhi
ACC5631,Olivia Singh,GB40918580558115744965,,32,CHECKING,2015-07-12,Chennai
ACC5632,Priya Sharma,GB09304541840398221803,29222.6,68,Checking,2023-08-09,Bengaluru
ACC5633,Rohan Reddy,GB88640788026529516469,9935.65,44,Checking,2018-11-04,Chennai
ACC5634,Kabir Garcia,GB39744088067089870920,48941.92,33,Savings,2021-01-24,Delhi
ACC5635,Rohan Nair,GB26611584858052632119,32637.99,22,savings,2020-02-06,Mumbai
ACC5636,Kabir Sharma,GB97077454470823171461,41055.15,61,Checking,2021-06-19,Delhi
ACC5637,Sophia Chopra,GB62623596053026184025,24051.17,89,CHECKING,2015-01-25,Mumbai
ACC5638,Noah Singh,INVALID-IBAN-000,46370.38,24,CHECKING,2017-08-26,Bengaluru
ACC5639,Noah Singh,GB05028164098910390912,2464.46,48,Savings,2016-08-09,Delhi
ACC5640,Kabir Sharma,GB52375979531926009860,6218.92,77,savings,2025-04-14,Chennai
ACC5641,Emma Gupta,GB49205489445381180818,29559.77,62,savings,2020-12-08,Mumbai
ACC5642,Emma Mehta,GB66229521797056603616,41938.0,57,CHECKING,2015-05-05,Chennai
ACC5643,Aarav Mehta,GB26602351585015301731,20869.6,30,savings,2019-09-30,Bengaluru
ACC5644,Olivia Das,GB52244133954794064531,33840.48,58,CHECKING,2021-07-18,Bengaluru
ACC5645,Liam Das,GB18986646936561833597,12824.08,89,CHECKING,2019-06-10,
ACC5646,Aarav Reddy,GB02377184301922095673,10459.2,36,CHECKING,2017-05-21,Mumbai
ACC5647,Meera Singh,GB02825326769924277392,10803.64,86,savings,2022-04-23,Mumbai
ACC5648,Vivaan Smith,GB20914016933284423471,30034.82,-5,Checking,2024-12-22,
ACC5649,Aarav Chopra,GB51545260756999138310,-309.1,68,savings,2017-10-04,Mumbai
ACC5650,Kabir Johnson,GB62277773316806647070,9970.44,64,Savings,2017-09-02,Chennai
ACC5651,Vivaan Gupta,GB29842410740274067582,,71,Checking,2019-03-01,
ACC5652,Aarav Kumar,GB00363856461497459793,4776.6,45,CHECKING,2023-05-25,
ACC5653,Sara Rao,GB91498609955049326643,5941.73,46,savings,2025-01-06,Chennai
ACC5654,Diya Smith,GB89811594853400127622,45435.76,85,savings,2025-07-13,Chennai
ACC5655,Emma Johnson,GB25678718882237887058,48612.82,55,Savings,2019-05-08,
ACC5656,Vivaan Singh,GB34956479984605867949,38639.74,67,Checking,2024-11-28,
ACC5657,Rohan Sharma,GB72361080926166201655,44993.85,75,CHECKING,2025-08-31,Delhi
ACC5658,Liam Chopra,GB86555751247640006875,25811.49,71,Checking,2018-04-07,Bengaluru
ACC5659,Olivia Nair,GB54512244418997402338,20030.06,86,CHECKING,2015-03-11,
ACC5660,Rohan Gupta,GB01703630944238602050,26798.15,86,Checking,2015-05-05,
ACC5661,James Nair,GB90961979797245284135,19156.65,52,Savings,2018-05-08,Delhi
ACC5662,Vivaan Das,GB67480957394059802602,35719.97,50,savings,2016-08-25,Bengaluru
ACC5663,Rohan Nair,GB89258490734203197774,26395.81,76,savings,2021-11-02,Delhi
ACC5664,Diya Mehta,GB64823088295868419623,32158.49,46,Checking,2025-11-21,Chennai
ACC5665,Aarav Reddy,GB69427674831730662931,18262.29,-5,Savings,2020-04-03,
ACC5666,Arjun Smith,GB26559469890623272371,22240.65,82,Savings,2016-09-12,Mumbai
ACC5667,Rohan Chopra,GB90065487084779541767,15354.99,43,Savings,2024-03-06,
ACC5668,Sara Patel,GB37815915790894589626,41252.1,44,savings,2021-03-04,
ACC5669,Mateo Kumar,GB02076123961219051881,7311.66,90,CHECKING,2024-07-02,Bengaluru
ACC5670,Arjun Smith,GB07066901079237298268,,47,Checking,2018-01-30,
ACC5671,Sophia Mehta,GB70350675789683355707,21834.09,30,Checking,2024-06-02,Mumbai
ACC5672,Diya Gupta,GB05705218799384440458,26638.44,31,Savings,2018-06-29,Bengaluru
ACC5673,Emma Chopra,GB12350368715689109779,22043.64,24,Checking,2017-08-08,Delhi
ACC5674,James Reddy,GB44679403664016329573,37798.32,82,Checking,2024-09-27,Bengaluru
ACC5675,Olivia Chopra,GB29273186830291585423,10945.28,56,Savings,2019-03-20,Delhi
ACC5676,Ananya Reddy,GB48396607344674621595,27010.85,28,CHECKING,2018-01-01,
ACC5677,Diya Kumar,GB05022181698141344760,35114.29,50,Checking,2022-10-13,Chennai
ACC5678,Mateo Mehta,INVALID-IBAN-000,49809.3,34,CHECKING,2018-03-28,Mumbai
ACC5679,Meera Sharma,GB65099621836677196666,47603.6,18,Checking,2018-07-07,Chennai
ACC5680,Rohan Rao,GB02223499801376836759,36888.65,30,CHECKING,2024-09-09,Chennai
ACC5681,Neha Nair,GB44614409233517465642,43361.96,66,Savings,2016-03-26,
ACC5682,Noah Khan,GB26319956955922776414,30196.73,21,Checking,2025-05-26,
ACC5683,Liam Sharma,GB55134448672288390473,47813.45,26,savings,2025-05-17,Delhi
ACC5684,James Singh,GB15749325114978879531,6267.66,19,savings,2015-02-27,
ACC5685,Liam Mehta,GB76618308580018731439,,29,Savings,2017-10-21,Mumbai
ACC5686,Sophia Chopra,GB21078187109685642570,20030.58,88,Savings,2016-08-07,Chennai
ACC5687,Karan Garcia,GB15423060023028655052,7994.08,30,Savings,2018-03-30,Mumbai
ACC5688,Aarav Singh,GB01514599201663382222,13532.71,22,savings,2017-08-08,
ACC5689,Kabir Johnson,GB05620190113484339133,31907.99,64,Checking,2020-10-18,Chennai
ACC5690,Diya Garcia,GB94564523428644976024,28974.32,73,CHECKING,2017-03-02,Delhi
ACC5691,Ishaan Patel,GB95367734985297356152,49862.58,69,savings,2024-02-17,Delhi
ACC5692,Karan Nair,GB62538096641475336952,14071.45,74,savings,2025-05-11,Chennai
ACC5693,Sophia Gupta,GB53896298532436792415,23478.46,38,CHECKING,2024-09-06,Chennai
ACC5694,Meera Khan,GB34685863906168249793,30603.51,87,Savings,2019-08-28,Bengaluru
ACC5695,Olivia Khan,GB81168371030737260720,47120.73,53,CHECKING,2024-02-19,Chennai
ACC5696,Sara Sharma,GB26493121463947625429,49570.5,39,CHECKING,2024-06-12,Delhi
ACC5697,Olivia Singh,GB39172994036948112664,28141.43,29,CHECKING,2020-01-24,Bengaluru
ACC5698,Sophia Khan,GB39101612590163994901,9331.71,47,savings,2025-11-25,Delhi
ACC5699,Meera Chopra,GB67348140984101679301,49695.76,87,Savings,2016-02-29,Chennai
ACC5700,Aarav Mehta,GB91004202886616801990,11945.61,36,Savings,2025-09-15,Mumbai
ACC5701,James Gupta,GB42035316079179138601,15858.24,79,Savings,2024-08-03,Bengaluru
ACC5702,Priya Iyer,GB21940247028814112874,15514.25,80,Savings,2023-08-31,
ACC5703,Meera Kumar,GB85764639138107491619,49937.17,39,Checking,2022-03-12,Mumbai
ACC5704,Diya Reddy,GB01315350696261684552,49916.19,40,CHECKING,2023-04-18,Delhi
ACC5705,Ananya Sharma,GB54717989948856694899,10655.74,25,Savings,2019-02-21,Bengaluru
ACC5706,Karan Gupta,GB56355842271726625650,12579.02,19,CHECKING,2015-04-03,Bengaluru
ACC5707,Ananya Mehta,GB41306862408710066890,33451.95,30,CHECKING,2016-07-09,
ACC5708,Kabir Sharma,GB23811522328222824084,23287.64,37,Checking,2019-01-06,
ACC5709,Karan Mehta,INVALID-IBAN-000,13282.44,22,savings,2020-01-27,
ACC5710,Diya Khan,GB11350535722892064157,,23,CHECKING,2020-11-17,Mumbai
ACC5711,Aarav Smith,GB01041945341952814478,20204.52,76,savings,2023-03-21,Mumbai
ACC5712,Sara Patel,GB88930635780378912139,36131.96,74,savings,2025-06-11,Mumbai
ACC5713,Noah Sharma,GB58557599408429069690,34318.26,63,Checking,2020-10-30,
ACC5714,Sara Kumar,INVALID-IBAN-000,2867.22,24,CHECKING,2018-09-20,Chennai
ACC5715,Mateo Khan,GB45701652761368149802,17564.57,20,savings,2017-03-07,Chennai
ACC5716,Noah Johnson,GB64447725084232423480,38223.01,53,Savings,2020-02-05,Mumbai
ACC5717,Emma Iyer,GB53691585574906279602,13516.3,65,CHECKING,2015-09-09,Mumbai
ACC5718,Meera Khan,GB95945231582863040296,19311.65,29,CHECKING,2016-10-08,Bengaluru
ACC5719,Priya Mehta,GB92204167821539266937,42851.11,18,CHECKING,2017-06-25,Mumbai
ACC5720,Olivia Patel,GB13928048502206190193,31970.84,45,savings,2021-12-10,Mumbai
ACC5721,Priya Chopra,GB00002956162256471855,48476.29,57,Savings,2023-02-26,Chennai
ACC5722,Karan Smith,GB45323167781456474370,39009.75,33,savings,2025-08-06,Delhi
ACC5723,Meera Iyer,GB77666505276120928157,27145.72,70,Savings,2023-12-10,
ACC5724,Vivaan Smith,GB11678706763532237185,29081.57,27,Checking,2019-03-31,
ACC5725,Emma Reddy,GB71142943000375398923,35003.47,27,Checking,2016-08-09,Delhi
ACC5726,Sophia Reddy,GB86693278417837659153,45927.17,35,Savings,2016-01-22,Bengaluru
ACC5727,James Sharma,GB52664267351272455337,47484.2,64,CHECKING,2018-07-10,Chennai
ACC5728,Neha Chopra,GB48784962249451046250,47907.98,34,CHECKING,2018-09-01,Chennai
ACC5729,Sara Gupta,GB20627672935097934421,6115.02,32,savings,2019-11-26,Delhi
ACC5730,Aarav Johnson,GB34778045797251840703,11124.0,85,Checking,2016-01-19,Delhi
ACC5731,Mateo Smith,GB37209451676706363286,9623.29,32,Savings,2016-07-20,Mumbai
ACC5732,Aarav Patel,GB84842648333679608289,19976.32,28,Checking,2019-04-11,Bengaluru
ACC5733,Liam Rao,GB46920856490132495193,,18,Savings,2016-03-19,Delhi
ACC5734,Emma Singh,GB58080388904410404315,19986.18,83,savings,2015-11-07,Mumbai
ACC5735,Liam Garcia,GB14837475580309016856,13732.53,-5,CHECKING,2024-06-05,Chennai
ACC5736,Sara Rao,INVALID-IBAN-000,,22,Checking,2024-12-18,Chennai
ACC5737,Diya Singh,GB88371611586686119976,21646.31,84,Checking,2022-06-12,Mumbai
ACC5738,Ishaan Kumar,GB05058353458195657285,11969.14,48,Checking,2021-06-27,
ACC5739,Arjun Johnson,GB66217758015846687930,40646.76,43,Savings,2016-09-13,
ACC5740,Liam Garcia,GB72766983451502528546,4878.01,48,Savings,2024-01-06,
ACC5741,Mateo Garcia,GB08972073827777118425,5977.72,79,CHECKING,2017-03-23,Bengaluru
ACC5742,Neha Patel,INVALID-IBAN-000,45323.7,36,Savings,2015-07-16,Mumbai
ACC5743,James Smith,GB47305777196199716596,17168.28,69,CHECKING,2023-08-19,Chennai
ACC5744,Sophia Mehta,INVALID-IBAN-000,30274.7,66,Checking,2017-03-08,Delhi
ACC5745,James Sharma,INVALID-IBAN-000,35526.7,37,Checking,2025-07-01,Delhi
ACC5746,Kabir Singh,GB53793221914390705473,20777.34,32,savings,2020-07-11,
ACC5747,Diya Nair,GB50101626008026589347,45441.62,76,Checking,2017-06-22,Delhi
ACC5748,Emma Garcia,GB19214967914638664320,,29,CHECKING,2022-10-08,Mumbai
ACC5749,Sophia Kumar,GB82468549272400020860,3861.22,66,Savings,2018-08-02,Bengaluru
ACC5750,Karan Sharma,GB54327163033563693010,2371.65,22,Savings,2020-11-25,
ACC5751,Karan Khan,GB78104802835415892909,36849.55,24,savings,2022-12-02,Mumbai
ACC5752,Mateo Kumar,GB36628081226815947470,43526.65,46,Savings,2024-04-15,Bengaluru
ACC5753,Vivaan Reddy,GB33096739798421891426,30123.41,78,CHECKING,2023-03-24,Delhi
ACC5754,Aarav Iyer,GB76718776288363688501,36299.84,68,Checking,2020-02-27,Chennai
ACC5755,Ishaan Johnson,GB66788093761652289890,22921.88,48,savings,2021-05-05,
ACC5756,Diya Smith,GB97772659764083858050,46176.02,55,Savings,2023-09-03,Chennai
ACC5757,Diya Singh,GB89391295651887114860,2332.16,64,Savings,2015-01-18,
ACC5758,Ishaan Rao,GB28787570302930112501,32009.17,68,Savings,2020-07-13,Delhi
ACC5759,Ishaan Sharma,GB95222336931806200730,46991.22,51,Checking,2025-02-22,Chennai
ACC5760,Sophia Smith,GB97537405714469567406,26908.88,81,Checking,2019-01-22,Delhi
ACC5761,James Reddy,GB51466886583483483586,31314.04,71,CHECKING,2017-06-03,Chennai
ACC5762,Noah Mehta,GB32077587089432698344,11814.68,73,savings,2024-09-19,
ACC5763,Vivaan Reddy,INVALID-IBAN-000,36065.02,57,savings,2023-12-20,Bengaluru
ACC5764,Olivia Patel,GB84672007342939077372,42149.09,58,savings,2022-02-13,Delhi
ACC5765,Aarav Khan,GB01625851502045028143,16842.59,26,Checking,2025-03-11,Chennai
ACC5766,Neha Rao,GB33795311123590426527,40764.31,37,CHECKING,2024-06-04,Chennai
ACC5767,Ishaan Reddy,GB08573838554514609193,15871.04,28,CHECKING,2022-06-19,Delhi
ACC5768,Olivia Reddy,GB37062728167337461215,41437.99,65,CHECKING,2023-01-24,Mumbai
ACC5769,Sophia Rao,GB26084818762099069319,41529.03,48,Savings,2023-11-11,Mumbai
ACC5770,Neha Gupta,GB67045059982267312343,41303.13,85,Savings,2018-06-17,
ACC5771,Olivia Nair,GB20259364502823134275,38238.99,74,CHECKING,2020-03-26,Mumbai
ACC5772,Neha Nair,GB54904431834369531029,23932.35,33,Savings,2018-08-06,Bengaluru
ACC5773,Sophia Smith,GB17926517328162910873,40914.9,37,Checking,2016-02-06,
ACC5774,Sara Khan,GB15737671052987707459,36894.5,28,savings,2024-09-06,Mumbai
ACC5775,Vivaan Rao,GB00202683878903450295,24901.45,75,CHECKING,2015-07-13,Mumbai
ACC5776,Vivaan Rao,INVALID-IBAN-000,38933.99,44,savings,2019-07-30,Chennai
ACC5777,Olivia Mehta,GB82368810138272105133,13681.27,25,Savings,2021-02-12,Delhi
ACC5778,Ishaan Smith,INVALID-IBAN-000,11368.58,88,Checking,2019-01-21,Mumbai
ACC5779,Ishaan Patel,GB31681636038917369078,29421.8,57,CHECKING,2019-10-21,Chennai
ACC5780,Ishaan Patel,INVALID-IBAN-000,,28,savings,2022-11-02,Bengaluru
ACC5781,Vivaan Chopra,GB71634850895123708511,44048.7,28,savings,2023-12-15,Delhi
ACC5782,Olivia Rao,GB69729655619276713771,34248.98,82,CHECKING,2023-05-31,Mumbai
ACC5783,Sophia Khan,GB61266783055737138874,41069.8,23,Checking,2023-03-07,Mumbai
ACC5784,Meera Mehta,GB14466276330411761421,18416.96,55,Checking,2016-04-06,
ACC5785,Noah Kumar,GB64704656896987036883,-349.01,53,Checking,2020-06-15,
ACC5786,Rohan Singh,GB15922912706593410406,37012.75,36,Savings,2015-12-02,
ACC5787,Mateo Johnson,GB24718301817960757898,32636.53,79,savings,2021-07-10,
ACC5788,Mateo Patel,GB21711486565818981061,24372.06,58,CHECKING,2024-08-29,Mumbai
ACC5789,Diya Kumar,GB12975572616949637881,3978.34,45,Savings,2019-05-25,
ACC5790,Ishaan Patel,GB30716753216336131798,16135.86,22,Savings,2018-06-25,
ACC5791,Vivaan Khan,GB29545858356399812743,29989.71,37,Checking,2025-03-19,Delhi
ACC5792,Liam Iyer,GB41925814762123601863,28358.14,51,savings,2017-11-23,Bengaluru
ACC5793,Meera Rao,GB15630930796859096459,26688.16,35,savings,2025-04-04,Bengaluru
ACC5794,Sara Johnson,GB77351668113397367072,5611.71,46,savings,2025-12-06,Bengaluru
ACC5795,Ishaan Mehta,GB22419830632365401814,14154.56,39,savings,2023-07-14,
ACC5796,James Smith,GB02435094765118615640,30440.77,54,Savings,2018-06-19,Chennai
ACC5797,Olivia Garcia,GB91370542451908261103,15574.46,58,savings,2017-01-12,
ACC5798,Karan Johnson,INVALID-IBAN-000,,48,CHECKING,2019-04-15,Chennai
ACC5799,Sophia Kumar,GB29533861941183909342,13662.36,37,savings,2015-01-10,Chennai
ACC5800,Sophia Johnson,GB34633488933437518669,12347.29,22,CHECKING,2023-09-14,Delhi
ACC5801,Emma Johnson,GB82692855074350952889,,52,CHECKING,2024-06-17,Bengaluru
ACC5802,Rohan Kumar,GB96453591765047188300,37982.12,61,savings,2016-07-12,
ACC5803,Arjun Das,GB44966866798994706170,43545.22,73,Savings,2015-12-15,Delhi
ACC5804,Neha Das,GB10384715675665051886,47155.98,30,CHECKING,2020-07-05,Delhi
ACC5805,James Johnson,GB35969850450566937540,6353.58,51,Checking,2023-12-02,
ACC5806,Sophia Nair,GB89257140250385762648,49632.18,27,CHECKING,2023-07-13,Mumbai
ACC5807,Arjun Mehta,GB68063585301012789695,3744.99,44,Savings,2023-07-07,Delhi
ACC5808,Arjun Reddy,GB77586703656203634443,31257.84,51,CHECKING,2020-09-14,
ACC5809,Noah Khan,GB81233576170731744577,44250.17,40,CHECKING,2024-12-25,Mumbai
ACC5810,Noah Khan,GB78508989774759443485,6486.03,63,Checking,2020-01-02,Chennai
ACC5811,James Sharma,GB37676874042076751497,17211.98,56,Savings,2015-11-08,Delhi
ACC5812,Priya Garcia,GB30990009406565823445,11830.39,60,CHECKING,2019-02-05,Mumbai
ACC5813,Liam Johnson,GB26600047091103495611,29800.36,82,CHECKING,2024-05-07,Delhi
ACC5814,Ananya Nair,GB58374661447761868704,35887.63,70,CHECKING,2022-07-12,Chennai
ACC5815,Sara Smith,GB05256599508914233029,35070.77,81,CHECKING,2025-03-09,Delhi
ACC5816,Aarav Gupta,GB73986221405131866047,15030.18,49,Checking,2021-03-10,
ACC5817,Ananya Rao,GB85247442035944102387,32079.56,63,Savings,2021-01-09,Chennai
ACC5818,Sophia Mehta,GB77413135183025853465,26492.84,28,savings,2017-05-10,
ACC5819,Arjun Reddy,GB17895599098412865581,18527.88,62,Checking,2017-05-31,
ACC5820,Meera Iyer,GB48918003814634292421,34301.44,65,CHECKING,2023-05-08,Mumbai
ACC5821,Vivaan Iyer,GB85273411461331555301,15696.75,22,Checking,2015-08-30,Delhi
ACC5822,Emma Sharma,GB81109659845576634541,39045.82,41,Savings,2016-08-02,Chennai
ACC5823,Neha Rao,GB06419106166910082242,39903.12,33,CHECKING,2021-01-02,Mumbai
ACC5824,Sophia Smith,GB17562699620834791005,28219.5,35,savings,2020-07-09,Mumbai
ACC5825,Kabir Das,INVALID-IBAN-000,9662.46,36,Savings,2015-07-10,Chennai
ACC5826,James Gupta,GB24387129514520580286,304.75,66,Savings,2018-03-25,
ACC5827,Aarav Johnson,GB24065474769509041898,16189.34,68,savings,2017-04-16,Bengaluru
ACC5828,Diya Singh,GB56238878887656993136,32779.6,24,CHECKING,2022-04-04,Mumbai
ACC5829,Kabir Sharma,GB13860479471990380351,37876.36,50,savings,2023-03-09,Mumbai
ACC5830,Sara Johnson,GB94419147905347283951,47844.29,70,CHECKING,2017-05-30,Bengaluru
ACC5831,Karan Gupta,GB26708488686562925822,26039.63,39,Savings,2023-07-11,Bengaluru
ACC5832,Arjun Garcia,GB53068856846767809645,39986.36,46,CHECKING,2025-12-01,Delhi
ACC5833,James Gupta,GB75213531755592897487,48251.08,-5,Savings,2022-11-30,Delhi
ACC5834,Arjun Singh,GB26751199764534965515,38821.81,73,savings,2024-12-11,Bengaluru
ACC5835,Neha Singh,GB96300935820163015972,,53,Checking,2016-06-01,
ACC5836,James Garcia,GB92766809846018040334,27454.21,27,savings,2024-10-05,Mumbai
ACC5837,Mateo Khan,GB86671554460539260967,42717.5,69,Checking,2020-07-23,Mumbai
ACC5838,Vivaan Gupta,GB64991192856728502155,35994.07,45,Checking,2024-08-27,Bengaluru
ACC5839,Priya Das,GB58212626439567844607,27839.52,20,CHECKING,2024-04-23,Delhi
ACC5840,Ananya Iyer,GB17755129441492531649,26845.63,84,Checking,2020-10-20,Delhi
ACC5841,Karan Chopra,GB76565907055494343687,32690.76,31,savings,2024-08-22,Chennai
ACC5842,Karan Johnson,GB09490763415359771001,5715.0,60,savings,2020-03-08,Chennai
ACC5843,Rohan Mehta,GB43148722557856413547,15105.54,68,savings,2024-10-26,Delhi
ACC5844,Mateo Garcia,GB52328555809579475816,19823.82,37,savings,2022-01-16,Bengaluru
ACC5845,Meera Kumar,GB34704071469714797341,27576.54,58,savings,2015-06-20,
ACC5846,Meera Chopra,GB56017039610175900170,46975.92,76,savings,2021-06-11,Bengaluru
ACC5847,Priya Kumar,GB28551621593896763536,24083.76,48,savings,2024-11-10,Delhi
ACC5848,Arjun Kumar,INVALID-IBAN-000,2418.54,34,Checking,2020-12-27,
ACC5849,Meera Rao,GB33513901430974274936,19962.02,46,savings,2020-05-19,
ACC5850,Sophia Das,GB14803007356582608252,47403.47,71,Checking,2025-01-21,Chennai
ACC5851,Karan Rao,GB12886691122321425261,46125.28,80,Checking,2024-06-14,Delhi
ACC5852,Neha Mehta,GB57446532554411818513,18793.35,75,Checking,2020-09-24,Bengaluru
ACC5853,Liam Smith,GB88193768418471462201,12682.29,84,Checking,2017-03-23,Mumbai
ACC5854,Liam Rao,GB11272836030876477090,49564.92,79,CHECKING,2016-03-20,
ACC5855,Rohan Das,GB95076716217204888680,,31,CHECKING,2024-02-16,
ACC5856,Rohan Patel,GB26456496741991605390,19038.64,50,Savings,2025-10-28,
ACC5857,Priya Sharma,GB25197018158913682967,47701.48,77,savings,2016-12-18,Bengaluru
ACC5858,Liam Khan,GB36252602216908875480,,47,Checking,2023-08-31,Delhi
ACC5859,Sara Khan,GB43910657351745469351,812.91,38,Savings,2018-05-31,Bengaluru
ACC5860,Ananya Smith,GB33195589799035971771,,21,Checking,2015-05-14,Delhi
ACC5861,Sophia Das,GB94124605164838953376,27710.09,32,CHECKING,2023-07-27,Chennai
ACC5862,Mateo Das,GB60064345973173033249,39457.88,75,savings,2025-03-26,Chennai
ACC5863,James Gupta,GB04848094731815605427,2098.95,64,savings,2024-01-02,Chennai
ACC5864,Sophia Iyer,GB07976475456572897226,33997.74,44,savings,2020-09-07,Delhi
ACC5865,James Sharma,GB90984685606699261382,46540.14,88,CHECKING,2015-05-19,
ACC5866,Mateo Das,GB79570399626377927110,47290.8,48,savings,2016-05-19,Mumbai
ACC5867,Sara Kumar,GB06824323330239934460,,21,CHECKING,2021-05-07,Delhi
ACC5868,Rohan Sharma,GB52357865294128537006,43005.04,51,savings,2020-12-15,
ACC5869,Liam Mehta,GB53119804255428053764,48516.46,64,savings,2023-12-24,Bengaluru
ACC5870,Priya Kumar,GB78602039221317019586,48205.13,44,Checking,2021-01-20,Chennai
ACC5871,Karan Chopra,GB87314249562917964416,-78.73,42,Checking,2021-01-28,
ACC5872,Arjun Sharma,GB05102874512022017545,47329.33,26,CHECKING,2018-02-02,
ACC5873,Priya Smith,GB10466275015269744203,43319.92,68,Savings,2020-05-25,
ACC5874,Liam Mehta,GB33095872383680601457,,37,Checking,2016-07-05,Chennai
ACC5875,Priya Nair,GB85819701501967972092,17195.08,34,Savings,2016-05-03,
ACC5876,Kabir Reddy,GB32970493795829158551,3404.93,45,CHECKING,2015-12-08,Delhi
ACC5877,Neha Johnson,GB75741424873962625918,46246.65,48,Savings,2016-12-29,Delhi
ACC5878,Karan Chopra,GB36772443435497872965,23565.92,61,CHECKING,2023-06-10,Delhi
ACC5879,Rohan Patel,GB99034804247960009409,2823.68,63,CHECKING,2017-07-23,Chennai
ACC5880,Sophia Smith,GB26622549203693091401,,36,CHECKING,2017-09-17,Bengaluru
ACC5881,Diya Das,GB26414756900184293359,26138.15,52,CHECKING,2023-12-26,Delhi
ACC5882,Ishaan Johnson,GB35966771539022624736,15884.59,23,Checking,2016-08-09,
ACC5883,Karan Sharma,GB06476144278735540423,5809.52,81,Checking,2023-02-13,Bengaluru
ACC5884,Sophia Das,GB49393439690453925287,27675.76,46,savings,2020-02-14,Mumbai
ACC5885,Rohan Iyer,GB30734533023641224740,31493.82,86,savings,2017-02-20,Chennai
ACC5886,Ishaan Patel,GB50516023251071555870,,52,Savings,2018-01-24,Mumbai
ACC5887,Kabir Mehta,GB64119925512538078191,42146.27,62,Savings,2018-12-01,Mumbai
ACC5888,Emma Rao,GB19715755716632824630,41914.73,73,Savings,2023-05-10,Chennai
ACC5889,Kabir Nair,GB85635200761504205986,24799.23,63,CHECKING,2021-09-05,Chennai
ACC5890,Mateo Nair,GB36080901014610392788,24792.25,30,Checking,2015-06-06,Delhi
ACC5891,Noah Iyer,GB38816878518569050965,49659.68,89,Checking,2019-04-07,Chennai
ACC5892,Ishaan Patel,INVALID-IBAN-000,47436.94,80,Checking,2024-03-29,Bengaluru
ACC5893,Sara Iyer,GB47237356407830830697,47591.15,84,savings,2016-02-27,Delhi
ACC5894,Olivia Mehta,GB36714674906688675185,38024.5,30,Savings,2019-10-07,Delhi
ACC5895,Olivia Kumar,INVALID-IBAN-000,33276.18,64,CHECKING,2017-04-28,Delhi
ACC5896,Rohan Nair,GB73920025856533777303,4520.79,81,CHECKING,2016-03-19,
ACC5897,Ishaan Kumar,GB48720124025455005490,25117.68,22,Checking,2021-05-15,Chennai
ACC5898,Noah Das,GB87246163034383000914,10781.78,38,savings,2021-12-08,Mumbai
ACC5899,Aarav Chopra,GB41799654662897351896,7416.49,61,Checking,2020-01-27,Delhi
