order_id,store_code,product,category,quantity,unit_price,order_date,customer_email
ORD1000,ST-002,Gadget,Grocery,5,62.73,2025-03-13,diya.693@example.com
ORD1001,ST-002,Kettle,Grocery,7,9.88,2025-02-17,meera.239@example.com
ORD1002,ST_005,Headset,Grocery,4,179.57,2025-12-26,sara.430@example.com
ORD1003,ST-002,Sneaker,Toys,5,202.74,2025-01-04,ishaan.715@example.com
ORD1004,ST-004,Backpack,Apparel,3,55.4,2026-01-26,liam.105@example.com
ORD1005,ST-001,Lamp,Grocery,6,212.18,2025-11-06,james.827@example.com
ORD1006,ST-001,Camera,Home,2,243.33,2025-07-13,ananya.566@example.com
ORD1007,st-003,Jacket,Toys,6,145.18,2025-12-27,ananya.47@example.com
ORD1008,ST-002,Blender,Apparel,2,214.12,2025-02-21,noah.285@example.com
ORD1009,ST-004,Monitor,Apparel,3,93.8,2025-04-18,james.719@example.com
ORD1010,ST-002,Monitor,Grocery,3,134.47,2025-05-06,ishaan.474@example.com
ORD1011,ST-004,Notebook,Toys,4,171.78,2026-01-29,vivaan.235@example.com
ORD1012,ST-001,Speaker,Apparel,7,68.4,2025-04-19,karan.898@example.com
ORD1013,ST-002,Backpack,Electronics,8,100.12,2025-11-26,mateo.147@example.com
ORD1014,st-003,Charger,Electronics,5,187.26,2025-08-08,karan.409@example.com
ORD1015,st-003,Blender,Electronics,8,24.55,2025-01-25,diya.157@example.com
ORD1016,ST-002,Charger,Home,2,97.42,2025-11-02,mateo.542@example.com
ORD1017,st-003,Kettle,Grocery,2,171.06,2025-10-02,james.788@example.com
ORD1018,ST-002,Backpack,Grocery,5,109.82,2025-08-21,aarav.977@example.com
ORD1019,ST-002,Camera,Apparel,3,127.91,2025-02-24,emma.862@example.com
ORD1020,ST-002,Kettle,Toys,4,39.9,2026-01-26,ishaan.553@example.com
ORD1021,ST_005,Widget,Toys,6,123.17,2025-02-27,olivia.900@example.com
ORD1022,st-003,Blender,Grocery,4,219.75,2025-02-10,ananya.750@example.com
ORD1023,ST-004,Jacket,Grocery,3,33.84,2025-09-01,sara.170@example.com
ORD1024,st-003,Kettle,Toys,7,241.16,2025-10-04,meera.731@example.com
ORD1025,st-003,Lamp,Apparel,8,225.1,2025-08-20,diya.254@example.com
ORD1026,ST-002,Gadget,Apparel,1,147.9,2025-04-28,karan.226@example.com
ORD1027,ST-001,Gadget,Grocery,4,18.72,2025-01-17,liam.73@example.com
ORD1028,ST_005,Blender,Apparel,8,55.13,2025-03-09,karan.591@example.com
ORD1029,ST-004,Blender,Home,7,49.22,2025-02-19,sophia.363@example.com
ORD1030,ST-004,Lamp,Home,1,168.99,2025-11-27,diya.63@example.com
ORD1031,ST-004,Camera,Apparel,2,63.67,2025-04-08,sara.460@example.com
ORD1032,ST-002,Lamp,Electronics,5,116.73,2025-02-08,mateo.828@example.com
ORD1033,ST_005,Gadget,Grocery,1,242.31,2026-01-21,rohan.171@example.com
ORD1034,ST-004,Sneaker,Home,4,216.43,2025-01-31,ishaan.389@example.com
ORD1035,ST-001,Lamp,Apparel,8,72.74,2025-12-23,sara.678@example.com
ORD1036,ST-002,Sneaker,Electronics,4,75.58,2025-01-30,karan.754@example.com
ORD1037,ST_005,Widget,Apparel,1,14.44,2025-09-02,arjun.942@example.com
ORD1038,ST_005,Charger,Grocery,2,213.13,2025-02-05,neha.70@example.com
ORD1039,ST-002,Jacket,Electronics,7,31.73,2025-10-19,rohan.593@example.com
ORD1040,ST_005,Widget,Toys,2,105.97,2025-10-26,karan.536@example.com
ORD1041,st-003,Notebook,Electronics,6,61.19,2025-07-22,kabir.688@example.com
ORD1042,ST-002,Notebook,Home,6,232.4,2025-02-07,aarav.470@example.com
ORD1043,ST_005,Headset,Grocery,2,135.33,2025-09-17,james.136@example.com
ORD1044,st-003,Gadget,Electronics,6,72.68,2025-08-13,sara.721@example.com
ORD1045,st-003,Headset,Toys,1,167.63,2025-10-11,emma.955@example.com
ORD1046,ST-002,Gadget,Electronics,5,30.63,2025-02-24,sara.160@example.com
ORD1047,st-003,Notebook,Toys,-1,179.97,2025-04-15,james.518@example.com
ORD1048,ST-004,Notebook,Grocery,2,159.3,2025-05-22,vivaan.4@example.com
ORD1049,st-003,Speaker,Electronics,5,,2025-08-15,sara.723@example.com
ORD1050,ST-004,Kettle,Grocery,2,20.66,2025-12-20,kabir.559@example.com
ORD1051,ST-001,Jacket,Apparel,3,108.59,2025-01-22,emma.374@example.com
ORD1052,ST-001,Backpack,Electronics,4,167.4,2025-07-01,sara.906@example.com
ORD1053,ST-004,Headset,Electronics,4,216.42,2025-04-01,sophia.26@example.com
ORD1054,ST-002,Camera,Apparel,7,200.95,2026-01-12,rohan.274@example.com
ORD1055,ST-002,Speaker,Grocery,7,218.3,2025-08-29,rohan.205@example.com
ORD1056,ST-004,Backpack,Apparel,4,57.29,2025-12-04,meera.409@example.com
ORD1057,st-003,Notebook,Grocery,5,89.08,2025-09-18,noah.696@example.com
ORD1058,ST_005,Backpack,Grocery,2,219.51,2025-05-14,ishaan.595@example.com
ORD1059,st-003,Widget,Grocery,7,87.73,2025-06-10,sophia.621@example.com
ORD1060,ST_005,Gadget,Home,4,65.17,2025-12-29,sophia.2@example.com
ORD1061,ST_005,Speaker,Toys,-1,92.33,2025-02-05,liam.639@example.com
ORD1062,st-003,Monitor,Grocery,5,127.77,2025-12-08,sophia.335@example.com
ORD1063,ST-004,Camera,Apparel,3,49.58,2025-12-07,noah.694@example.com
ORD1064,ST-002,Charger,Toys,5,102.71,2025-01-01,emma.294@example.com
ORD1065,ST-002,Lamp,Toys,6,,2025-08-15,meera.524@example.com
ORD1066,ST-004,Speaker,Electronics,2,72.38,2025-12-06,neha.344@example.com
ORD1067,ST-001,Jacket,Electronics,5,57.71,2025-04-12,kabir.26@example.com
ORD1068,ST-001,Blender,Home,-1,114.94,2025-11-19,karan.200@example.com
ORD1069,ST-002,Camera,Home,8,101.11,2025-03-17,aarav.915@example.com
ORD1070,ST-001,Speaker,Home,4,45.62,2025-12-23,arjun.476@example.com
ORD1071,ST-001,Kettle,Electronics,2,115.2,2025-08-26,arjun.573@example.com
ORD1072,ST_005,Backpack,Home,7,207.98,2025-10-08,mateo.919@example.com
ORD1073,ST-002,Camera,Home,8,66.28,2025-05-07,james.785@example.com
ORD1074,ST_005,Sneaker,Electronics,5,111.09,2026-01-01,emma.241@example.com
ORD1075,st-003,Backpack,Apparel,2,36.32,2025-04-29,noah.711@example.com
ORD1076,ST-002,Camera,Electronics,2,104.89,2025-06-19,sara.478@example.com
ORD1077,ST-004,Widget,Electronics,7,98.59,2026-01-30,karan.969@example.com
ORD1078,ST-002,Widget,Toys,7,120.29,2025-06-30,emma.772@example.com
ORD1079,ST-004,Jacket,Home,4,123.08,2025-05-20,sophia.498@example.com
ORD1080,ST-001,Lamp,Apparel,7,181.6,2025-08-28,kabir.638@example.com
ORD1081,ST_005,Widget,Home,1,,2025-08-08,kabir.888@example.com
ORD1082,ST-004,Charger,Grocery,5,96.02,2025-04-19,mateo.335@example.com
ORD1083,st-003,Speaker,Home,5,188.5,2025-08-04,james.855@example.com
ORD1084,ST-001,Sneaker,Grocery,1,249.98,2025-06-29,rohan.666@example.com
ORD1085,ST-001,Speaker,Grocery,1,237.5,2025-04-13,aarav.637@example.com
ORD1086,ST-002,Blender,Electronics,8,168.03,2025-10-16,meera.477@example.com
ORD1087,ST-002,Notebook,Apparel,3,152.26,2026-01-18,diya.797@example.com
ORD1088,ST-002,Notebook,Grocery,1,232.36,2025-10-22,noah.407@example.com
ORD1089,ST-002,Blender,Grocery,4,27.27,2026-01-31,emma.871@example.com
ORD1090,ST-002,Headset,Grocery,1,88.11,2025-08-08,olivia.71@example.com
ORD1091,ST_005,Monitor,Apparel,1,212.69,2025-09-08,diya.444@example.com
ORD1092,st-003,Monitor,Home,3,110.0,2026-01-11,arjun.989@example.com
ORD1093,ST-002,Notebook,Toys,8,117.29,2026-01-10,karan.275@example.com
ORD1094,st-003,Jacket,Electronics,2,71.17,2025-08-19,rohan.769@example.com
ORD1095,ST-004,Headset,Toys,7,85.43,2025-09-11,liam.187@example.com
ORD1096,ST-004,Blender,Apparel,5,86.4,2025-11-02,james.570@example.com
ORD1092,ST-001,Kettle,Electronics,2,61.86,2025-07-28,priya.569@example.com
ORD1098,ST-002,Camera,Home,8,113.15,2025-01-09,ananya.302@example.com
ORD1099,ST-002,Lamp,Electronics,-1,166.66,2025-07-08,priya.567@example.com
ORD1100,ST_005,Backpack,Home,6,89.25,2025-08-21,james.314@example.com
ORD1101,st-003,Blender,Grocery,4,80.26,2026-01-16,sara.974@example.com
ORD1102,ST-002,Charger,Electronics,-1,185.17,2025-05-22,karan.779@example.com
ORD1103,ST_005,Headset,Apparel,2,208.49,2025-06-01,rohan.370@example.com
ORD1104,ST-002,Notebook,Grocery,3,70.03,2025-01-28,sara.300@example.com
ORD1105,ST-002,Charger,Home,2,218.43,2025-10-21,emma.481@example.com
ORD1106,ST-004,Sneaker,Apparel,3,241.44,2025-05-10,priya.117@example.com
ORD1107,ST-001,Lamp,Home,2,145.1,2025-12-18,vivaan.156@example.com
ORD1108,ST-002,Speaker,Toys,5,23.12,2025-05-08,diya.572@example.com
ORD1109,ST-004,Headset,Toys,4,194.37,2025-07-14,mateo.931@example.com
ORD1110,ST-004,Notebook,Toys,7,77.73,2025-11-14,vivaan.625@example.com
ORD1111,ST-002,Gadget,Electronics,4,67.63,2025-02-11,ishaan.246@example.com
ORD1112,ST-002,Kettle,Grocery,3,2.66,2025-08-19,neha.482@example.com
ORD1113,st-003,Widget,Electronics,5,177.33,2025-12-26,mateo.73@example.com
ORD1114,ST-002,Blender,Apparel,4,107.43,2025-10-06,rohan.664@example.com
ORD1115,ST-002,Notebook,Electronics,2,16.79,2025-06-07,neha.767@example.com
ORD1116,ST_005,Notebook,Home,2,118.24,2025-06-05,noah.966@example.com
ORD1117,st-003,Kettle,Toys,8,110.56,2025-11-03,vivaan.911@example.com
ORD1118,ST-004,Camera,Apparel,5,8.41,2025-04-28,karan.602@example.com
ORD1119,ST-001,Speaker,Apparel,1,191.25,2025-03-31,priya.532@example.com
ORD1120,ST-002,Sneaker,Apparel,3,249.24,2025-08-12,priya.993@example.com
ORD1121,ST-001,Sneaker,Apparel,7,84.66,2025-12-10,diya.879@example.com
ORD1122,ST-002,Backpack,Home,8,73.48,2025-07-25,sara.38@example.com
ORD1123,ST-004,Gadget,Apparel,5,82.17,2026-01-31,noah.886@example.com
ORD1124,ST_005,Jacket,Grocery,8,104.49,2025-04-07,arjun.371@example.com
ORD1125,ST_005,Speaker,Home,8,190.48,2025-04-15,james.563@example.com
ORD1126,ST-002,Notebook,Home,8,32.11,2025-11-19,neha.819@example.com
ORD1127,ST-002,Camera,Electronics,5,138.61,2025-10-10,sophia.96@example.com
ORD1128,ST-002,Jacket,Grocery,8,236.87,2025-11-28,kabir.511@example.com
ORD1129,ST-002,Notebook,Toys,5,105.04,2025-09-05,priya.250@example.com
ORD1130,ST-004,Kettle,Electronics,7,49.27,2025-11-03,arjun.765@example.com
ORD1131,ST-002,Jacket,Grocery,5,193.62,2025-08-01,liam.957@example.com
ORD1132,ST_005,Notebook,Grocery,5,182.06,2025-10-28,karan.676@example.com
ORD1133,ST-004,Jacket,Electronics,8,135.57,2025-06-26,liam.566@example.com
ORD1134,ST_005,Lamp,Home,6,217.66,2025-12-24,rohan.586@example.com
ORD1135,ST-004,Blender,Home,1,,2025-08-31,noah.396@example.com
ORD1136,ST-002,Speaker,Electronics,8,241.28,2025-03-06,arjun.989@example.com
ORD1137,ST_005,Backpack,Grocery,8,26.73,2025-08-22,aarav.740@example.com
ORD1138,ST-002,Lamp,Electronics,2,118.43,2025-05-16,liam.639@example.com
ORD1139,ST-002,Lamp,Grocery,6,213.38,2025-10-01,noah.978@example.com
ORD1140,st-003,Monitor,Home,1,155.13,2025-05-01,emma.233@example.com
ORD1141,ST-002,Gadget,Home,2,190.57,2025-12-27,diya.455@example.com
ORD1142,ST-002,Camera,Apparel,1,13.41,2025-01-29,emma.368@example.com
ORD1143,st-003,Lamp,Electronics,4,133.73,2025-10-17,ishaan.175@example.com
ORD1144,ST-002,Gadget,Toys,7,155.69,2025-05-04,priya.935@example.com
ORD1145,ST_005,Charger,Electronics,8,160.2,2025-08-24,james.683@example.com
ORD1146,ST-001,Speaker,Home,5,170.05,2025-03-22,ananya.453@example.com
ORD1147,st-003,Headset,Apparel,7,173.2,2025-08-22,emma.204@example.com
ORD1148,ST-004,Jacket,Home,2,,2025-10-20,olivia.589@example.com
ORD1149,st-003,Camera,Apparel,1,244.53,2025-12-04,noah.282@example.com
ORD1150,ST-001,Headset,Grocery,8,208.54,2025-05-27,rohan.622@example.com
ORD1151,st-003,Blender,Electronics,5,170.09,2026-01-05,kabir.644@example.com
ORD1152,ST-001,Monitor,Grocery,5,197.58,2025-01-18,karan.374@example.com
ORD1153,ST-002,Charger,Grocery,5,83.03,2025-08-01,ishaan.206@example.com
ORD1154,ST-002,Speaker,Toys,6,133.65,2025-05-20,ishaan.264@example.com
ORD1155,ST-004,Speaker,Apparel,6,201.45,2025-08-28,ananya.145@example.com
ORD1156,ST-002,Jacket,Home,6,24.4,2025-07-22,aarav.271@example.com
ORD1157,ST_005,Gadget,Home,6,168.86,2025-12-11,james.599@example.com
ORD1158,ST-004,Jacket,Apparel,2,169.36,2025-08-30,aarav.635@example.com
ORD1159,ST_005,Backpack,Toys,4,,2025-11-22,mateo.932@example.com
ORD1160,ST-002,Notebook,Home,2,36.66,2025-01-20,emma.505@example.com
ORD1161,ST-001,Gadget,Electronics,3,98.38,2025-07-09,sara.430@example.com
ORD1162,ST_005,Camera,Electronics,7,164.42,2025-09-08,neha.418@example.com
ORD1163,st-003,Widget,Apparel,4,111.96,2025-05-01,olivia.102@example.com
ORD1164,ST-002,Backpack,Toys,6,17.02,2025-05-22,meera.992@example.com
ORD1165,ST-001,Jacket,Home,2,166.37,2025-11-25,neha.995@example.com
ORD1166,ST-001,Widget,Apparel,4,247.23,2025-10-17,meera.71@example.com
ORD1167,ST_005,Blender,Toys,4,203.64,2025-04-30,liam.793@example.com
ORD1168,ST-002,Speaker,Toys,1,70.76,2025-03-16,kabir.554@example.com
ORD1169,st-003,Speaker,Electronics,2,165.94,2025-01-14,kabir.16@example.com
ORD1170,st-003,Speaker,Electronics,6,5.91,2025-05-16,vivaan.130@example.com
ORD1171,ST-002,Lamp,Toys,2,186.92,2025-09-01,mateo.797@example.com
ORD1172,st-003,Kettle,Toys,2,114.1,2025-04-24,neha.45@example.com
ORD1173,ST-002,Speaker,Toys,5,115.59,2025-01-16,vivaan.491@example.com
ORD1174,ST-004,Lamp,Grocery,8,178.68,2025-08-16,ananya.921@example.com
ORD1175,ST-001,Backpack,Toys,3,18.29,2025-05-21,neha.649@example.com
ORD1176,ST_005,Kettle,Apparel,7,248.67,2025-09-29,emma.465@example.com
ORD1177,ST_005,Headset,Home,2,198.69,2025-02-28,sara.739@example.com
ORD1178,ST-002,Lamp,Home,4,104.63,2025-08-21,noah.426@example.com
ORD1179,ST-002,Gadget,Apparel,7,79.51,2025-05-11,olivia.977@example.com
ORD1180,ST-002,Monitor,Home,2,24.62,2025-02-13,ananya.443@example.com
ORD1181,ST-001,Camera,Apparel,3,139.98,2025-10-28,sara.576@example.com
ORD1182,st-003,Monitor,Grocery,-1,89.69,2025-12-07,sophia.889@example.com
ORD1183,ST-002,Widget,Apparel,5,89.21,2025-10-23,arjun.218@example.com
ORD1184,ST-002,Monitor,Home,4,212.12,2025-06-29,sara.377@example.com
ORD1185,ST-001,Speaker,Apparel,4,202.19,2025-10-15,neha.629@example.com
ORD1186,ST-002,Monitor,Toys,1,,2025-12-03,james.30@example.com
ORD1187,ST-002,Notebook,Apparel,6,89.05,2025-04-03,kabir.580@example.com
ORD1188,ST-002,Lamp,Grocery,3,185.76,2025-01-16,ananya.765@example.com
ORD1189,ST_005,Blender,Home,7,,2025-03-22,olivia.320@example.com
ORD1190,ST-002,Backpack,Toys,2,,2025-03-21,ishaan.773@example.com
ORD1191,ST_005,Widget,Grocery,5,111.89,2025-08-06,priya.622@example.com
ORD1192,ST-004,Lamp,Apparel,4,189.23,2025-02-28,olivia.441@example.com
ORD1193,ST-001,Notebook,Toys,8,132.68,2025-06-07,vivaan.226@example.com
ORD1189,ST-004,Headset,Grocery,1,52.7,2025-04-19,kabir.783@example.com
ORD1195,st-003,Notebook,Apparel,2,3.92,2026-01-18,sophia.180@example.com
ORD1196,ST-002,Lamp,Toys,4,126.07,2025-12-09,olivia.74@example.com
ORD1197,ST-004,Jacket,Grocery,7,6.65,2025-02-09,liam.590@example.com
ORD1198,ST-004,Headset,Home,7,,2025-07-27,aarav.990@example.com
ORD1199,st-003,Charger,Toys,8,208.34,2025-07-05,ananya.448@example.com
ORD1200,ST-001,Blender,Home,7,131.94,2025-07-22,emma.764@example.com
ORD1201,st-003,Blender,Apparel,3,20.94,2025-11-21,diya.544@example.com
ORD1202,ST_005,Blender,Apparel,6,182.39,2025-11-27,kabir.242@example.com
ORD1203,ST-001,Charger,Apparel,4,45.03,2025-03-20,ananya.182@example.com
ORD1204,ST-002,Sneaker,Home,8,170.92,2025-10-17,neha.331@example.com
ORD1205,ST-002,Backpack,Electronics,8,18.93,2025-08-15,emma.816@example.com
ORD1206,st-003,Headset,Grocery,6,127.82,2025-06-08,mateo.463@example.com
ORD1207,ST-001,Widget,Apparel,5,21.03,2025-02-16,neha.609@example.com
ORD1208,ST_005,Lamp,Home,1,113.53,2025-10-20,meera.330@example.com
ORD1209,ST_005,Sneaker,Toys,3,239.52,2025-08-19,diya.831@example.com
ORD1210,st-003,Camera,Grocery,3,11.71,2025-12-29,mateo.450@example.com
ORD1211,ST_005,Kettle,Toys,3,,2025-05-25,noah.419@example.com
ORD1212,st-003,Monitor,Toys,1,197.73,2025-11-28,liam.68@example.com
ORD1213,st-003,Gadget,Toys,7,72.47,2026-01-06,neha.895@example.com
ORD1214,ST-002,Backpack,Grocery,3,229.35,2025-06-08,noah.133@example.com
ORD1215,ST_005,Camera,Grocery,5,140.61,2025-11-26,liam.833@example.com
ORD1216,ST-002,Monitor,Toys,2,162.21,2025-08-05,arjun.371@example.com
ORD1217,ST-001,Backpack,Apparel,3,237.89,2025-06-24,priya.197@example.com
ORD1218,ST-002,Charger,Electronics,2,75.36,2025-02-21,arjun.790@example.com
ORD1219,ST_005,Jacket,Toys,1,166.16,2026-01-28,neha.135@example.com
ORD1220,ST_005,Lamp,Electronics,3,,2025-12-21,neha.829@example.com
ORD1221,ST-002,Camera,Home,1,103.89,2025-12-13,rohan.993@example.com
ORD1222,ST-004,Headset,Apparel,8,60.03,2025-05-03,emma.989@example.com
ORD1223,ST-004,Jacket,Electronics,6,170.22,2025-10-20,mateo.473@example.com
ORD1224,st-003,Speaker,Home,7,241.63,2025-04-13,neha.142@example.com
ORD1225,st-003,Widget,Home,6,139.53,2025-02-22,arjun.872@example.com
ORD1226,ST-001,Notebook,Grocery,-1,69.65,2025-09-20,kabir.851@example.com
ORD1227,ST-004,Gadget,Electronics,8,221.39,2025-01-14,sophia.55@example.com
ORD1228,ST-004,Kettle,Apparel,4,,2025-02-11,olivia.230@example.com
ORD1229,ST-001,Backpack,Grocery,6,198.26,2025-03-12,vivaan.294@example.com
ORD1230,ST-004,Camera,Electronics,8,113.25,2025-01-03,ananya.20@example.com
ORD1231,st-003,Blender,Electronics,7,29.57,2025-05-28,rohan.309@example.com
ORD1232,ST-001,Widget,Electronics,7,160.46,2025-11-15,mateo.65@example.com
ORD1233,ST-001,Jacket,Home,1,158.72,2025-10-22,rohan.736@example.com
ORD1234,ST-002,Notebook,Home,1,154.47,2025-05-04,karan.427@example.com
ORD1235,ST-002,Monitor,Grocery,6,18.78,2025-09-27,sara.520@example.com
ORD1236,ST_005,Kettle,Grocery,7,218.59,2025-01-23,noah.383@example.com
ORD1237,st-003,Camera,Grocery,6,197.55,2025-06-26,rohan.751@example.com
ORD1238,ST-002,Monitor,Grocery,6,35.09,2025-06-30,sara.347@example.com
ORD1239,ST-002,Charger,Home,8,,2025-03-11,ananya.734@example.com
ORD1240,ST-004,Widget,Apparel,4,12.86,2025-04-13,vivaan.324@example.com
ORD1241,st-003,Kettle,Home,8,64.82,2026-01-21,meera.293@example.com
ORD1242,st-003,Jacket,Grocery,6,69.76,2025-07-08,sophia.911@example.com
ORD1243,ST-004,Camera,Home,7,86.08,2025-04-06,priya.709@example.com
ORD1244,ST-004,Backpack,Toys,5,200.68,2026-01-08,sophia.81@example.com
ORD1245,ST-004,Headset,Electronics,5,81.66,2025-02-10,liam.677@example.com
ORD1246,st-003,Notebook,Home,7,43.33,2025-08-16,olivia.458@example.com
ORD1247,ST-001,Camera,Apparel,7,70.09,2025-01-30,ananya.688@example.com
ORD1248,ST-002,Lamp,Apparel,3,,2025-03-15,neha.695@example.com
ORD1249,ST-004,Widget,Electronics,2,60.53,2025-11-27,olivia.371@example.com
ORD1250,ST-004,Headset,Grocery,3,170.41,2025-07-09,olivia.455@example.com
ORD1251,ST-001,Headset,Electronics,6,100.71,2025-11-29,james.256@example.com
ORD1252,ST-001,Widget,Electronics,8,130.4,2025-10-15,diya.269@example.com
ORD1253,st-003,Camera,Home,4,249.1,2025-05-27,priya.205@example.com
ORD1254,ST-001,Charger,Grocery,8,44.82,2026-01-01,mateo.90@example.com
ORD1255,ST-002,Jacket,Apparel,6,177.97,2025-10-09,sara.298@example.com
ORD1256,st-003,Jacket,Electronics,3,198.84,2025-09-18,rohan.125@example.com
ORD1257,ST-002,Speaker,Electronics,4,198.01,2025-01-14,olivia.568@example.com
ORD1258,ST_005,Backpack,Home,3,153.76,2025-02-14,ananya.317@example.com
ORD1259,ST-004,Camera,Home,7,192.75,2025-10-22,ananya.129@example.com
ORD1260,st-003,Monitor,Grocery,8,117.53,2025-09-22,olivia.132@example.com
ORD1261,ST_005,Monitor,Toys,3,192.41,2025-03-08,sophia.515@example.com
ORD1262,ST-001,Jacket,Grocery,3,77.42,2025-03-24,liam.958@example.com
ORD1263,ST-002,Blender,Apparel,-1,211.79,2025-05-09,meera.651@example.com
ORD1264,ST_005,Notebook,Electronics,5,154.38,2025-02-17,arjun.657@example.com
ORD1265,ST-002,Headset,Toys,3,44.46,2025-11-16,neha.346@example.com
ORD1266,ST_005,Widget,Grocery,2,13.27,2025-11-25,karan.272@example.com
ORD1267,ST-002,Blender,Toys,7,155.29,2025-01-16,priya.911@example.com
ORD1268,ST-002,Kettle,Apparel,-1,121.77,2025-12-17,noah.305@example.com
ORD1269,ST-004,Gadget,Grocery,3,111.02,2025-09-05,mateo.209@example.com
ORD1270,st-003,Headset,Electronics,6,215.65,2025-06-13,olivia.999@example.com
ORD1271,ST-004,Charger,Apparel,2,81.14,2025-08-27,diya.274@example.com
ORD1272,ST-004,Blender,Electronics,2,14.55,2025-07-16,neha.429@example.com
ORD1273,ST-002,Jacket,Electronics,-1,233.57,2026-01-05,liam.195@example.com
ORD1274,ST-002,Sneaker,Toys,8,125.69,2025-06-07,priya.24@example.com
ORD1275,ST-001,Lamp,Toys,8,241.74,2025-04-21,karan.362@example.com
ORD1276,ST-001,Widget,Apparel,8,150.18,2025-12-01,priya.293@example.com
ORD1277,ST_005,Widget,Grocery,7,35.22,2025-05-16,olivia.783@example.com
ORD1278,ST-004,Backpack,Grocery,7,14.69,2025-10-15,meera.372@example.com
ORD1279,ST_005,Notebook,Grocery,7,127.06,2026-01-27,sara.287@example.com
ORD1280,ST_005,Monitor,Toys,2,,2025-02-19,noah.383@example.com
ORD1281,st-003,Kettle,Apparel,3,51.37,2025-09-18,noah.513@example.com
ORD1282,ST-001,Widget,Grocery,3,178.97,2025-08-31,arjun.468@example.com
ORD1283,ST-002,Headset,Toys,3,,2025-11-10,liam.167@example.com
ORD1284,ST-004,Headset,Apparel,6,127.81,2025-09-18,sara.502@example.com
ORD1285,ST-002,Headset,Apparel,8,204.31,2025-07-08,liam.690@example.com
ORD1286,ST-001,Lamp,Toys,5,199.6,2026-01-07,aarav.612@example.com
ORD1287,ST-004,Notebook,Toys,4,180.91,2025-10-26,priya.175@example.com
ORD1288,ST_005,Monitor,Toys,7,38.65,2025-12-15,rohan.33@example.com
ORD1289,ST_005,Camera,Grocery,4,6.7,2025-06-10,sophia.156@example.com
ORD1290,ST-004,Camera,Electronics,7,126.45,2025-11-10,priya.894@example.com
ORD1286,ST-002,Camera,Grocery,3,130.63,2025-10-15,liam.679@example.com
ORD1292,ST-004,Kettle,Home,6,239.26,2025-08-24,sara.351@example.com
ORD1293,ST_005,Backpack,Apparel,8,49.68,2025-05-07,james.572@example.com
ORD1294,st-003,Blender,Apparel,5,176.82,2025-12-20,priya.325@example.com
ORD1295,ST-004,Backpack,Toys,5,73.37,2025-10-21,sara.389@example.com
ORD1296,ST-004,Jacket,Apparel,3,74.03,2025-05-28,ananya.355@example.com
ORD1297,ST-004,Monitor,Apparel,8,55.07,2025-10-03,james.956@example.com
ORD1298,ST_005,Camera,Apparel,3,29.09,2026-01-15,karan.246@example.com
ORD1299,ST-002,Widget,Toys,4,160.21,2025-01-27,diya.424@example.com
ORD1300,st-003,Camera,Home,2,170.94,2025-03-12,aarav.988@example.com
ORD1301,ST_005,Charger,Home,8,120.41,2025-04-13,emma.329@example.com
ORD1302,st-003,Monitor,Grocery,2,163.77,2025-04-29,sara.757@example.com
ORD1303,ST-002,Jacket,Grocery,3,105.64,2025-04-01,vivaan.857@example.com
ORD1304,ST-004,Speaker,Home,3,234.28,2025-05-29,vivaan.10@example.com
ORD1305,st-003,Headset,Toys,2,232.26,2025-06-21,emma.466@example.com
ORD1306,ST-002,Kettle,Toys,8,,2025-03-10,arjun.480@example.com
ORD1307,st-003,Blender,Grocery,6,42.3,2025-08-23,james.736@example.com
ORD1308,ST-002,Widget,Apparel,5,142.81,2026-01-23,meera.180@example.com
ORD1309,ST_005,Jacket,Home,7,129.79,2025-02-14,noah.686@example.com
ORD1310,ST-001,Charger,Electronics,8,82.25,2025-05-08,aarav.268@example.com
ORD1311,ST-004,Blender,Home,5,238.6,2025-06-04,karan.741@example.com
ORD1312,ST_005,Widget,Apparel,6,173.81,2025-02-01,diya.477@example.com
ORD1313,st-003,Charger,Home,5,173.19,2025-11-24,emma.377@example.com
ORD1314,ST_005,Blender,Electronics,3,,2025-08-21,neha.383@example.com
ORD1315,ST-004,Camera,Toys,8,189.82,2025-12-07,meera.781@example.com
ORD1316,ST-002,Monitor,Toys,2,132.33,2025-09-28,olivia.80@example.com
ORD1317,ST_005,Gadget,Grocery,4,144.03,2025-03-18,ishaan.336@example.com
ORD1318,ST_005,Sneaker,Grocery,4,179.8,2025-09-08,ananya.921@example.com
ORD1319,ST_005,Sneaker,Grocery,8,34.72,2025-08-01,mateo.578@example.com
ORD1320,ST-001,Kettle,Home,5,,2025-07-22,james.837@example.com
ORD1321,ST-001,Camera,Electronics,2,,2025-06-26,ananya.555@example.com
ORD1322,ST-001,Gadget,Home,1,73.2,2025-04-03,kabir.785@example.com
ORD1323,ST-002,Camera,Home,6,248.23,2025-07-15,mateo.891@example.com
ORD1324,ST-004,Lamp,Grocery,3,164.08,2025-06-28,diya.183@example.com
ORD1325,ST_005,Lamp,Toys,3,182.51,2025-04-25,aarav.775@example.com
ORD1326,ST-001,Notebook,Home,7,133.92,2025-04-28,rohan.472@example.com
ORD1327,st-003,Charger,Apparel,4,234.48,2026-01-07,diya.33@example.com
ORD1328,ST-002,Lamp,Toys,1,61.69,2025-02-04,diya.609@example.com
ORD1329,ST-001,Sneaker,Toys,1,62.69,2025-01-23,noah.450@example.com
ORD1330,ST-002,Kettle,Electronics,1,36.75,2025-05-29,rohan.836@example.com
ORD1331,ST-002,Headset,Apparel,6,,2025-03-15,arjun.227@example.com
ORD1332,ST-004,Notebook,Apparel,1,140.07,2025-10-30,ishaan.642@example.com
ORD1333,ST-002,Lamp,Toys,8,13.63,2025-06-26,noah.805@example.com
ORD1334,ST_005,Backpack,Home,7,39.01,2025-07-12,ishaan.773@example.com
ORD1335,ST_005,Sneaker,Electronics,4,,2025-12-29,kabir.826@example.com
ORD1336,ST-004,Widget,Toys,7,242.01,2025-10-13,arjun.138@example.com
ORD1337,ST-004,Blender,Apparel,4,83.91,2025-02-10,mateo.868@example.com
ORD1338,st-003,Gadget,Toys,4,14.78,2025-07-13,neha.618@example.com
ORD1339,ST-001,Jacket,Grocery,4,201.55,2025-10-28,sara.223@example.com
ORD1340,ST-004,Blender,Apparel,5,,2025-01-08,meera.960@example.com
ORD1341,ST-002,Camera,Grocery,8,228.78,2025-12-23,neha.721@example.com
ORD1342,ST-002,Lamp,Electronics,6,194.33,2025-07-14,mateo.547@example.com
ORD1343,ST-002,Backpack,Apparel,-1,91.19,2025-09-12,mateo.101@example.com
ORD1344,ST-002,Sneaker,Apparel,4,93.93,2025-07-31,vivaan.577@example.com
ORD1345,ST-002,Camera,Electronics,1,66.67,2025-10-27,karan.738@example.com
ORD1346,ST-004,Notebook,Electronics,4,83.81,2025-07-14,karan.854@example.com
ORD1347,ST-002,Sneaker,Toys,6,,2025-09-08,priya.472@example.com
ORD1348,ST-002,Camera,Apparel,3,36.71,2025-10-07,priya.189@example.com
ORD1349,ST_005,Monitor,Grocery,1,210.09,2025-02-08,vivaan.783@example.com
ORD1350,ST-001,Lamp,Electronics,4,,2025-03-19,aarav.224@example.com
ORD1351,ST_005,Sneaker,Apparel,1,155.22,2025-12-08,neha.935@example.com
ORD1352,ST-004,Monitor,Home,1,3.64,2025-10-10,sophia.13@example.com
ORD1353,ST-001,Kettle,Apparel,5,6.25,2025-12-24,sophia.826@example.com
ORD1354,ST-002,Gadget,Grocery,3,61.76,2025-11-14,arjun.259@example.com
ORD1355,st-003,Notebook,Home,2,94.52,2025-07-27,mateo.579@example.com
ORD1356,ST-002,Camera,Electronics,5,171.64,2025-02-11,vivaan.96@example.com
ORD1357,ST-004,Lamp,Home,8,15.92,2025-01-05,ishaan.85@example.com
ORD1358,ST-004,Jacket,Home,6,142.33,2025-02-18,arjun.942@example.com
ORD1359,ST-001,Blender,Electronics,8,69.23,2025-02-08,james.921@example.com
ORD1360,ST_005,Headset,Grocery,3,232.33,2025-06-11,aarav.985@example.com
ORD1361,ST-002,Headset,Electronics,7,232.36,2025-06-03,ishaan.578@example.com
ORD1362,ST-002,Headset,Home,6,97.19,2026-01-14,kabir.810@example.com
ORD1363,ST-002,Camera,Grocery,6,15.32,2025-08-12,rohan.859@example.com
ORD1364,ST-001,Backpack,Toys,7,242.29,2025-06-17,aarav.650@example.com
ORD1365,st-003,Speaker,Home,8,58.58,2025-10-11,noah.443@example.com
ORD1366,ST-002,Monitor,Toys,7,23.25,2025-11-13,emma.818@example.com
ORD1367,ST-002,Camera,Grocery,2,68.46,2025-07-14,kabir.758@example.com
ORD1368,ST-004,Backpack,Apparel,2,24.7,2025-06-07,mateo.369@example.com
ORD1369,st-003,Gadget,Electronics,2,48.47,2025-08-18,sara.569@example.com
ORD1370,ST_005,Lamp,Grocery,1,24.23,2025-10-11,ananya.612@example.com
ORD1371,ST_005,Speaker,Apparel,7,5.06,2025-07-31,noah.798@example.com
ORD1372,ST-001,Camera,Toys,4,143.85,2025-03-28,noah.174@example.com
ORD1373,ST-002,Notebook,Apparel,5,124.29,2025-02-02,ishaan.446@example.com
ORD1374,st-003,Lamp,Apparel,8,196.1,2025-07-04,james.967@example.com
ORD1375,ST-002,Camera,Home,4,115.55,2025-03-11,emma.7@example.com
ORD1376,ST-004,Backpack,Toys,7,201.41,2025-06-18,mateo.343@example.com
ORD1377,ST-004,Jacket,Toys,3,76.51,2025-11-05,meera.491@example.com
ORD1378,st-003,Charger,Home,6,74.28,2025-12-22,priya.991@example.com
ORD1379,ST_005,Speaker,Electronics,-1,95.26,2025-07-21,olivia.117@example.com
ORD1380,ST_005,Blender,Toys,3,171.06,2025-10-09,aarav.976@example.com
ORD1381,ST-002,Sneaker,Electronics,8,199.83,2025-12-21,ananya.839@example.com
ORD1382,ST-004,Monitor,Home,3,159.07,2025-05-04,james.675@example.com
ORD1383,ST-002,Camera,Home,7,20.34,2025-11-03,priya.597@example.com
ORD1384,ST-004,Kettle,Toys,7,136.82,2025-07-04,sara.609@example.com
ORD1385,ST-002,Gadget,Grocery,4,165.09,2025-07-01,ishaan.663@example.com
ORD1386,ST_005,Widget,Toys,7,241.77,2025-06-19,sophia.109@example.com
ORD1387,ST-001,Gadget,Apparel,4,128.65,2025-09-23,sara.595@example.com
ORD1383,ST-002,Headset,Electronics,8,94.78,2025-08-26,karan.708@example.com
ORD1389,ST_005,Charger,Apparel,1,121.73,2025-06-01,sophia.943@example.com
ORD1390,ST-001,Gadget,Electronics,6,79.35,2025-08-22,meera.534@example.com
ORD1391,ST-004,Backpack,Home,2,110.67,2025-12-23,mateo.327@example.com
ORD1392,ST-001,Notebook,Grocery,2,7.6,2025-06-25,diya.694@example.com
ORD1393,ST-002,Camera,Electronics,3,138.87,2025-06-19,sara.437@example.com
ORD1394,ST-004,Blender,Home,3,48.22,2025-12-03,sophia.406@example.com
ORD1395,ST-001,Camera,Toys,4,113.49,2025-08-08,noah.5@example.com
ORD1396,ST-002,Blender,Electronics,5,188.58,2025-02-02,karan.105@example.com
ORD1397,ST_005,Charger,Apparel,6,50.87,2025-02-28,james.687@example.com
ORD1398,ST-004,Kettle,Apparel,7,153.6,2025-10-28,diya.357@example.com
ORD1399,st-003,Jacket,Home,3,203.81,2025-12-28,emma.941@example.com
ORD1400,ST_005,Headset,Grocery,3,79.67,2025-05-03,emma.120@example.com
ORD1401,ST-002,Backpack,Electronics,7,105.72,2025-03-12,karan.393@example.com
ORD1402,ST-004,Charger,Home,3,139.62,2025-09-08,emma.144@example.com
ORD1403,ST-002,Backpack,Home,1,216.65,2025-01-05,priya.140@example.com
ORD1404,ST-002,Jacket,Home,8,103.47,2025-09-09,sophia.728@example.com
ORD1405,ST-004,Sneaker,Electronics,2,142.22,2026-01-25,rohan.300@example.com
ORD1406,ST-001,Notebook,Electronics,5,43.72,2025-08-23,karan.761@example.com
ORD1407,ST-004,Kettle,Toys,2,144.03,2025-05-18,sara.844@example.com
ORD1408,st-003,Kettle,Grocery,8,,2025-08-06,diya.754@example.com
ORD1409,ST-002,Speaker,Electronics,5,218.95,2025-01-17,mateo.270@example.com
ORD1410,st-003,Jacket,Grocery,8,216.59,2025-03-02,rohan.215@example.com
ORD1411,ST-002,Headset,Apparel,7,43.16,2025-03-13,meera.834@example.com
ORD1412,ST-002,Speaker,Grocery,6,134.01,2025-11-02,sara.173@example.com
ORD1413,st-003,Camera,Apparel,5,144.04,2025-09-21,diya.139@example.com
ORD1414,ST-004,Widget,Apparel,3,175.95,2025-03-09,rohan.150@example.com
ORD1415,ST-002,Backpack,Electronics,7,123.39,2025-10-23,james.643@example.com
ORD1416,ST-004,Lamp,Home,2,159.14,2026-01-29,ananya.413@example.com
ORD1417,ST_005,Camera,Apparel,6,114.76,2025-09-07,liam.596@example.com
ORD1418,ST-001,Jacket,Grocery,8,159.44,2025-12-24,olivia.871@example.com
ORD1419,ST-001,Speaker,Toys,7,56.02,2025-08-08,meera.507@example.com
ORD1420,st-003,Backpack,Apparel,6,137.73,2025-03-08,karan.873@example.com
ORD1421,ST-004,Speaker,Apparel,1,13.39,2025-11-17,mateo.17@example.com
ORD1422,ST-001,Jacket,Electronics,8,115.22,2025-08-08,meera.706@example.com
ORD1423,ST-002,Monitor,Apparel,3,218.86,2025-05-21,ananya.671@example.com
ORD1424,st-003,Notebook,Grocery,6,166.8,2025-11-29,ishaan.54@example.com
ORD1425,ST-004,Monitor,Apparel,4,108.45,2025-02-16,diya.2@example.com
ORD1426,ST-002,Sneaker,Grocery,3,149.23,2025-09-23,mateo.10@example.com
ORD1427,ST-001,Camera,Apparel,2,247.06,2025-08-05,kabir.490@example.com
ORD1428,ST-001,Blender,Home,2,183.23,2025-02-22,diya.321@example.com
ORD1429,st-003,Notebook,Electronics,7,193.82,2026-01-21,kabir.657@example.com
ORD1430,ST-002,Charger,Grocery,1,,2025-03-26,mateo.360@example.com
ORD1431,ST-002,Blender,Electronics,7,154.79,2025-08-15,meera.89@example.com
ORD1432,ST-001,Charger,Grocery,7,89.18,2025-08-08,liam.811@example.com
ORD1433,ST-002,Blender,Apparel,2,63.55,2025-11-04,neha.739@example.com
ORD1434,ST_005,Notebook,Grocery,5,52.95,2025-11-07,arjun.194@example.com
ORD1435,ST-002,Lamp,Apparel,1,,2025-05-03,priya.396@example.com
ORD1436,ST-001,Blender,Home,2,133.02,2025-01-07,olivia.957@example.com
ORD1437,st-003,Charger,Home,-1,92.62,2025-12-16,ishaan.782@example.com
ORD1438,ST-004,Speaker,Grocery,1,147.67,2025-01-08,james.221@example.com
ORD1439,ST-001,Widget,Home,5,157.89,2025-09-14,sophia.434@example.com
ORD1440,ST-002,Lamp,Grocery,3,70.81,2025-06-08,ananya.524@example.com
ORD1441,ST-002,Speaker,Electronics,6,98.9,2025-11-21,ananya.318@example.com
ORD1442,ST-002,Lamp,Electronics,1,62.63,2025-08-11,diya.465@example.com
ORD1443,ST_005,Headset,Grocery,5,167.19,2025-12-03,ishaan.123@example.com
ORD1444,ST-001,Camera,Electronics,1,42.63,2025-06-27,arjun.530@example.com
ORD1445,ST-002,Notebook,Electronics,6,33.48,2026-02-04,james.751@example.com
ORD1446,ST-001,Speaker,Grocery,6,202.16,2025-05-20,arjun.66@example.com
ORD1447,st-003,Camera,Toys,2,125.04,2025-09-19,olivia.57@example.com
ORD1448,ST-004,Jacket,Toys,3,93.19,2025-05-11,diya.916@example.com
ORD1449,ST_005,Monitor,Grocery,4,185.71,2025-01-02,vivaan.880@example.com
ORD1450,ST-001,Blender,Grocery,8,92.27,2025-03-18,ishaan.954@example.com
ORD1451,ST-001,Kettle,Home,4,81.81,2025-08-02,liam.278@example.com
ORD1452,ST-001,Headset,Apparel,2,126.51,2025-01-27,ishaan.229@example.com
ORD1453,ST_005,Widget,Home,2,219.49,2025-05-25,emma.336@example.com
ORD1454,ST-001,Kettle,Home,1,93.49,2025-05-30,karan.804@example.com
ORD1455,st-003,Camera,Toys,4,,2025-10-30,priya.792@example.com
ORD1456,ST-002,Camera,Toys,4,39.34,2025-07-29,aarav.239@example.com
ORD1457,ST_005,Backpack,Grocery,-1,2.36,2025-12-03,noah.870@example.com
ORD1458,ST-002,Camera,Apparel,2,52.89,2025-05-02,sophia.504@example.com
ORD1459,ST-001,Charger,Apparel,2,12.89,2025-04-29,arjun.423@example.com
ORD1460,ST-002,Backpack,Home,2,146.03,2025-09-16,kabir.653@example.com
ORD1461,ST-004,Gadget,Toys,1,109.88,2025-03-08,rohan.299@example.com
ORD1462,st-003,Jacket,Apparel,7,175.78,2026-01-12,liam.326@example.com
ORD1463,ST-004,Notebook,Electronics,2,236.0,2025-03-11,karan.112@example.com
ORD1464,ST-002,Gadget,Electronics,8,117.58,2025-07-28,diya.549@example.com
ORD1465,st-003,Speaker,Electronics,8,78.46,2025-05-16,diya.93@example.com
ORD1466,ST-002,Speaker,Apparel,1,55.33,2025-06-17,kabir.94@example.com
ORD1467,ST-002,Blender,Apparel,7,129.34,2025-12-13,emma.267@example.com
ORD1468,ST-002,Widget,Home,8,139.88,2025-10-09,rohan.97@example.com
ORD1469,ST-004,Gadget,Electronics,2,4.97,2026-02-04,rohan.134@example.com
ORD1470,ST-002,Jacket,Home,6,172.2,2025-11-27,ananya.597@example.com
ORD1471,ST_005,Notebook,Grocery,1,249.3,2025-04-12,mateo.829@example.com
ORD1472,ST-002,Gadget,Apparel,2,12.59,2025-08-25,vivaan.173@example.com
ORD1473,ST_005,Lamp,Home,8,9.31,2025-12-16,sophia.177@example.com
ORD1474,st-003,Blender,Electronics,5,71.4,2025-03-18,vivaan.629@example.com
ORD1475,ST_005,Headset,Electronics,5,125.73,2025-10-09,priya.63@example.com
ORD1476,ST-001,Notebook,Home,-1,105.97,2025-11-26,arjun.256@example.com
ORD1477,ST-002,Speaker,Toys,1,247.37,2026-02-05,olivia.492@example.com
ORD1478,ST_005,Speaker,Home,6,228.34,2025-09-15,liam.398@example.com
ORD1479,st-003,Charger,Grocery,6,150.08,2025-01-16,james.60@example.com
ORD1480,ST-004,Kettle,Apparel,4,,2025-02-21,rohan.673@example.com
ORD1481,ST-002,Notebook,Toys,1,191.48,2025-04-23,karan.867@example.com
ORD1482,ST-004,Backpack,Electronics,3,60.66,2025-06-12,olivia.936@example.com
ORD1483,ST_005,Widget,Apparel,3,141.65,2025-04-07,priya.556@example.com
ORD1484,st-003,Charger,Home,1,,2025-04-30,neha.225@example.com
ORD1480,ST-001,Kettle,Home,1,84.27,2025-11-11,meera.826@example.com
ORD1486,ST-002,Backpack,Electronics,6,16.77,2025-03-17,karan.722@example.com
ORD1487,ST-002,Speaker,Grocery,6,240.22,2025-07-11,noah.601@example.com
ORD1488,ST-001,Backpack,Apparel,6,35.84,2025-03-22,sophia.811@example.com
ORD1489,ST-002,Sneaker,Apparel,3,177.38,2025-10-15,neha.806@example.com
ORD1490,st-003,Blender,Toys,3,95.84,2026-01-11,emma.131@example.com
ORD1491,ST-002,Camera,Grocery,7,212.99,2026-01-30,karan.34@example.com
ORD1492,ST-002,Headset,Apparel,4,160.63,2025-02-23,priya.145@example.com
ORD1493,st-003,Camera,Grocery,4,88.01,2025-06-13,ishaan.652@example.com
ORD1494,ST-001,Jacket,Apparel,8,4.83,2025-04-18,rohan.710@example.com
ORD1495,ST-001,Backpack,Apparel,2,180.66,2025-01-25,noah.449@example.com
ORD1496,ST-002,Lamp,Electronics,7,124.28,2025-07-13,olivia.560@example.com
ORD1497,ST-004,Gadget,Home,4,42.34,2025-02-07,vivaan.302@example.com
ORD1498,ST-001,Backpack,Apparel,2,20.4,2025-03-29,noah.165@example.com
ORD1499,ST-002,Gadget,Toys,2,85.81,2025-11-11,priya.722@example.com
ORD1500,ST-001,Lamp,Electronics,7,40.96,2025-02-21,liam.211@example.com
ORD1501,ST-002,Lamp,Toys,5,165.83,2025-06-02,rohan.99@example.com
ORD1502,ST-001,Lamp,Toys,8,40.09,2025-07-04,aarav.438@example.com
ORD1503,ST-001,Notebook,Toys,8,51.52,2025-01-14,meera.175@example.com
ORD1504,ST-002,Notebook,Grocery,8,211.25,2025-06-07,noah.483@example.com
ORD1505,ST-004,Monitor,Apparel,2,161.18,2025-07-18,ishaan.380@example.com
ORD1506,ST-004,Backpack,Electronics,8,13.06,2025-08-14,mateo.270@example.com
ORD1507,ST-002,Jacket,Apparel,1,39.48,2025-12-23,diya.88@example.com
ORD1508,ST-002,Backpack,Toys,7,242.73,2025-10-29,rohan.567@example.com
ORD1509,ST-001,Jacket,Home,7,241.48,2025-12-18,priya.587@example.com
ORD1510,ST-002,Sneaker,Apparel,2,99.91,2026-01-01,vivaan.515@example.com
ORD1511,ST_005,Kettle,Toys,3,31.83,2026-01-23,mateo.178@example.com
ORD1512,ST-002,Blender,Electronics,3,12.58,2025-02-10,sophia.207@example.com
ORD1513,ST-002,Charger,Toys,5,81.3,2026-01-08,ananya.90@example.com
ORD1514,ST-004,Kettle,Home,6,214.44,2025-09-24,mateo.940@example.com
ORD1515,ST-001,Speaker,Toys,7,29.9,2025-03-18,kabir.581@example.com
ORD1516,ST_005,Headset,Grocery,2,141.55,2025-02-21,emma.889@example.com
ORD1517,ST_005,Backpack,Home,5,96.99,2025-09-06,karan.624@example.com
ORD1518,ST-004,Widget,Electronics,5,101.94,2025-11-13,neha.698@example.com
ORD1519,ST-002,Lamp,Grocery,7,222.61,2025-06-19,rohan.51@example.com
ORD1520,ST-002,Sneaker,Apparel,6,7.02,2025-06-05,emma.288@example.com
ORD1521,ST-004,Jacket,Grocery,4,35.33,2026-01-16,mateo.793@example.com
ORD1522,st-003,Notebook,Home,2,48.61,2025-04-19,sophia.759@example.com
ORD1523,ST-004,Speaker,Toys,6,205.61,2025-09-21,ishaan.68@example.com
ORD1524,st-003,Camera,Toys,7,35.64,2025-09-26,karan.30@example.com
ORD1525,ST-002,Blender,Electronics,1,63.87,2025-08-22,vivaan.941@example.com
ORD1526,st-003,Camera,Electronics,5,93.35,2025-08-26,arjun.407@example.com
ORD1527,ST-002,Gadget,Grocery,4,94.37,2025-11-01,mateo.182@example.com
ORD1528,ST-004,Headset,Toys,6,87.37,2025-05-13,ananya.292@example.com
ORD1529,ST-001,Lamp,Grocery,3,213.75,2026-02-04,meera.878@example.com
ORD1530,ST-002,Monitor,Electronics,4,68.73,2025-07-29,arjun.21@example.com
ORD1531,ST-002,Widget,Home,3,162.55,2025-11-04,aarav.230@example.com
ORD1532,st-003,Headset,Apparel,5,107.1,2025-07-12,olivia.471@example.com
ORD1533,st-003,Blender,Home,5,169.94,2025-11-16,noah.599@example.com
ORD1534,ST-001,Widget,Toys,6,141.24,2025-11-01,neha.290@example.com
ORD1535,st-003,Monitor,Grocery,8,17.83,2025-05-22,liam.883@example.com
ORD1536,st-003,Notebook,Apparel,4,39.18,2026-01-27,rohan.922@example.com
ORD1537,ST-001,Speaker,Toys,7,,2025-12-15,kabir.739@example.com
ORD1538,ST-001,Monitor,Home,5,66.34,2025-08-03,noah.398@example.com
ORD1539,ST-002,Widget,Toys,4,87.11,2026-01-01,rohan.703@example.com
ORD1540,ST_005,Monitor,Home,6,127.81,2025-03-29,sara.186@example.com
ORD1541,st-003,Gadget,Home,3,185.75,2026-01-07,sara.782@example.com
ORD1542,ST-002,Monitor,Apparel,2,57.12,2025-04-25,emma.431@example.com
ORD1543,st-003,Backpack,Apparel,5,117.01,2025-03-02,priya.55@example.com
ORD1544,ST-002,Headset,Toys,2,119.11,2025-04-10,arjun.123@example.com
ORD1545,ST-002,Lamp,Toys,5,104.45,2025-03-19,kabir.206@example.com
ORD1546,st-003,Lamp,Toys,-1,37.52,2026-01-02,ishaan.798@example.com
ORD1547,ST-001,Sneaker,Apparel,3,,2025-01-30,aarav.463@example.com
ORD1548,st-003,Blender,Electronics,3,,2026-01-26,ananya.133@example.com
ORD1549,ST_005,Lamp,Home,7,108.4,2025-09-02,noah.5@example.com
ORD1550,ST-001,Kettle,Electronics,6,237.62,2025-06-14,arjun.196@example.com
ORD1551,ST-001,Monitor,Grocery,4,58.11,2025-06-26,emma.133@example.com
ORD1552,ST-001,Lamp,Toys,5,43.42,2025-01-24,emma.972@example.com
ORD1553,st-003,Sneaker,Toys,6,109.55,2025-12-18,kabir.351@example.com
ORD1554,ST-004,Backpack,Electronics,3,237.12,2025-07-26,aarav.234@example.com
ORD1555,ST-002,Camera,Electronics,4,184.05,2025-10-29,arjun.174@example.com
ORD1556,ST-001,Backpack,Grocery,7,219.38,2025-05-11,sara.639@example.com
ORD1557,ST-001,Headset,Grocery,2,164.08,2025-01-11,vivaan.707@example.com
ORD1558,ST-001,Lamp,Home,7,32.65,2025-05-10,priya.719@example.com
ORD1559,ST-002,Blender,Grocery,5,106.38,2025-02-21,arjun.277@example.com
ORD1560,ST_005,Headset,Electronics,7,208.0,2025-02-23,arjun.737@example.com
ORD1561,ST_005,Gadget,Apparel,2,196.62,2025-09-12,meera.624@example.com
ORD1562,ST-002,Speaker,Apparel,4,90.76,2025-07-29,emma.165@example.com
ORD1563,ST-001,Kettle,Home,4,172.67,2025-09-04,liam.241@example.com
ORD1564,ST-001,Widget,Grocery,2,209.14,2025-12-09,priya.153@example.com
ORD1565,ST-001,Speaker,Toys,2,181.44,2025-02-21,james.660@example.com
ORD1566,ST-002,Sneaker,Apparel,5,117.14,2025-02-21,ishaan.896@example.com
ORD1567,ST-001,Jacket,Apparel,6,,2025-06-10,sophia.757@example.com
ORD1568,ST-001,Gadget,Grocery,1,,2025-12-06,ishaan.337@example.com
ORD1569,st-003,Sneaker,Toys,5,219.86,2025-02-17,olivia.835@example.com
ORD1570,st-003,Charger,Grocery,7,101.26,2025-08-22,james.856@example.com
ORD1571,ST-004,Camera,Home,7,162.91,2025-03-27,diya.136@example.com
ORD1572,ST-002,Camera,Grocery,3,27.72,2025-10-30,priya.822@example.com
ORD1573,ST_005,Monitor,Home,3,153.61,2026-02-03,olivia.627@example.com
ORD1574,ST-001,Jacket,Electronics,8,230.26,2025-02-27,sophia.452@example.com
ORD1575,ST-001,Gadget,Apparel,6,5.07,2025-12-14,arjun.786@example.com
ORD1576,ST-002,Headset,Toys,4,244.52,2025-12-09,liam.532@example.com
ORD1577,ST_005,Camera,Toys,2,109.35,2026-01-08,rohan.494@example.com
ORD1578,st-003,Monitor,Home,3,210.08,2025-10-13,neha.56@example.com
ORD1579,ST-001,Monitor,Electronics,8,213.26,2025-03-26,ananya.770@example.com
ORD1580,ST-004,Backpack,Electronics,6,242.6,2025-01-26,arjun.229@example.com
ORD1581,ST_005,Monitor,Home,7,,2025-02-10,mateo.455@example.com
ORD1577,ST_005,Sneaker,Grocery,8,112.87,2025-03-02,priya.764@example.com
ORD1583,ST-002,Widget,Grocery,7,104.26,2025-10-13,sara.1@example.com
ORD1584,ST-001,Speaker,Toys,5,222.75,2025-10-15,meera.671@example.com
ORD1585,ST-002,Sneaker,Apparel,6,206.68,2025-04-25,mateo.340@example.com
ORD1586,ST_005,Speaker,Toys,8,179.73,2025-07-06,mateo.117@example.com
ORD1587,ST-001,Speaker,Electronics,1,86.66,2025-11-21,emma.561@example.com
ORD1588,ST_005,Backpack,Grocery,1,224.43,2025-09-10,kabir.842@example.com
ORD1589,ST-002,Camera,Home,2,,2025-04-11,meera.124@example.com
ORD1590,ST-004,Blender,Home,4,179.76,2025-02-25,sophia.48@example.com
ORD1591,ST-002,Jacket,Toys,2,193.49,2025-08-19,mateo.675@example.com
ORD1592,ST_005,Kettle,Electronics,8,3.08,2026-01-12,vivaan.567@example.com
ORD1593,ST-004,Jacket,Toys,8,231.24,2026-02-04,ishaan.709@example.com
ORD1594,ST_005,Charger,Electronics,2,98.08,2025-11-04,neha.904@example.com
ORD1595,st-003,Kettle,Home,7,244.92,2025-12-21,rohan.281@example.com
ORD1596,ST-004,Backpack,Apparel,8,201.59,2025-03-12,sophia.617@example.com
ORD1597,ST-002,Camera,Toys,5,211.08,2025-10-08,liam.729@example.com
ORD1598,ST-002,Kettle,Electronics,4,54.01,2026-01-01,emma.704@example.com
ORD1599,st-003,Monitor,Electronics,3,126.97,2025-12-22,liam.728@example.com
ORD1600,ST-001,Speaker,Apparel,8,146.54,2025-12-08,sophia.691@example.com
ORD1601,ST-002,Jacket,Toys,5,219.61,2025-08-05,aarav.536@example.com
ORD1602,ST-001,Widget,Home,3,15.16,2025-01-29,meera.274@example.com
ORD1603,ST-002,Notebook,Apparel,3,210.17,2025-12-20,emma.209@example.com
ORD1604,ST_005,Widget,Apparel,8,27.42,2025-12-12,sara.886@example.com
ORD1605,ST-002,Camera,Toys,7,60.92,2025-12-23,emma.710@example.com
ORD1606,ST-002,Widget,Home,7,105.31,2025-12-17,liam.990@example.com
ORD1607,ST_005,Widget,Grocery,5,52.37,2026-02-04,mateo.850@example.com
ORD1608,ST-002,Monitor,Apparel,4,194.48,2025-04-10,emma.460@example.com
ORD1609,ST-002,Monitor,Grocery,3,240.69,2026-01-12,arjun.123@example.com
ORD1610,ST-004,Widget,Home,5,140.04,2025-03-08,ishaan.599@example.com
ORD1611,st-003,Widget,Apparel,8,178.0,2025-03-21,vivaan.158@example.com
ORD1612,st-003,Headset,Grocery,5,123.66,2025-10-21,sara.367@example.com
ORD1613,ST-001,Speaker,Apparel,4,,2025-09-24,ananya.806@example.com
ORD1614,ST_005,Charger,Home,7,24.8,2025-04-24,meera.680@example.com
ORD1615,st-003,Backpack,Apparel,5,56.17,2026-01-21,neha.544@example.com
ORD1616,ST-004,Kettle,Grocery,2,167.9,2025-08-17,rohan.927@example.com
ORD1617,ST-002,Headset,Toys,4,239.81,2025-12-16,liam.391@example.com
ORD1618,ST-001,Lamp,Apparel,-1,8.13,2025-09-22,olivia.527@example.com
ORD1619,ST_005,Sneaker,Home,1,75.52,2025-11-30,meera.329@example.com
ORD1620,ST_005,Gadget,Grocery,3,242.96,2026-01-31,sara.547@example.com
ORD1621,ST-001,Monitor,Grocery,4,168.24,2026-02-01,meera.886@example.com
ORD1622,ST-002,Lamp,Grocery,4,135.36,2025-12-26,sophia.663@example.com
ORD1623,ST-001,Camera,Electronics,1,,2025-06-19,vivaan.90@example.com
ORD1624,ST-001,Widget,Electronics,5,140.4,2025-10-22,rohan.933@example.com
ORD1625,st-003,Lamp,Home,8,158.29,2025-08-10,liam.18@example.com
ORD1626,ST-004,Monitor,Grocery,1,161.07,2025-11-13,ananya.775@example.com
ORD1627,ST-002,Headset,Grocery,2,90.71,2025-09-15,diya.297@example.com
ORD1628,ST-002,Notebook,Toys,2,71.82,2025-08-13,noah.405@example.com
ORD1629,ST-002,Widget,Home,3,134.3,2025-03-11,noah.816@example.com
ORD1630,ST_005,Notebook,Electronics,5,169.97,2026-01-09,olivia.981@example.com
ORD1631,ST-001,Kettle,Toys,3,32.56,2025-01-03,karan.611@example.com
ORD1632,ST-004,Kettle,Toys,2,77.56,2026-01-19,olivia.217@example.com
ORD1633,ST-004,Monitor,Toys,3,41.92,2025-04-24,neha.855@example.com
ORD1634,st-003,Blender,Grocery,3,168.4,2025-10-18,vivaan.872@example.com
ORD1635,ST_005,Sneaker,Toys,2,74.08,2025-02-04,james.101@example.com
ORD1636,ST-002,Camera,Toys,8,,2025-07-02,kabir.688@example.com
ORD1637,ST-002,Blender,Grocery,5,155.64,2025-04-10,liam.498@example.com
ORD1638,ST-004,Backpack,Toys,5,173.98,2025-03-20,karan.581@example.com
ORD1639,st-003,Speaker,Apparel,7,,2025-06-10,rohan.805@example.com
ORD1640,ST-002,Camera,Home,5,210.35,2025-03-10,liam.899@example.com
ORD1641,ST-004,Sneaker,Home,6,,2025-09-07,sara.112@example.com
ORD1642,ST-002,Monitor,Toys,2,210.76,2025-03-13,sara.202@example.com
ORD1643,st-003,Camera,Grocery,2,223.24,2025-09-17,aarav.833@example.com
ORD1644,ST_005,Headset,Home,4,226.76,2025-10-10,james.557@example.com
ORD1645,ST_005,Sneaker,Electronics,6,99.34,2026-01-31,karan.751@example.com
ORD1646,st-003,Charger,Home,2,100.4,2025-09-15,aarav.679@example.com
ORD1647,ST-002,Jacket,Toys,3,189.79,2025-03-13,mateo.164@example.com
ORD1648,ST-002,Headset,Toys,3,184.51,2025-09-05,olivia.42@example.com
ORD1649,ST-002,Speaker,Home,4,17.59,2025-07-09,rohan.44@example.com
ORD1650,ST-002,Blender,Toys,6,98.25,2025-08-21,vivaan.41@example.com
ORD1651,ST-002,Backpack,Grocery,5,209.05,2025-05-15,karan.558@example.com
ORD1652,ST_005,Charger,Home,7,92.59,2025-12-01,ananya.530@example.com
ORD1653,st-003,Lamp,Electronics,7,89.52,2025-06-26,priya.812@example.com
ORD1654,ST-004,Headset,Grocery,3,111.09,2025-04-28,ananya.527@example.com
ORD1655,ST-002,Notebook,Electronics,3,48.35,2025-07-05,neha.735@example.com
ORD1656,ST-001,Monitor,Electronics,7,203.17,2026-01-04,diya.494@example.com
ORD1657,ST-002,Sneaker,Home,4,148.52,2025-11-28,sophia.23@example.com
ORD1658,ST-002,Widget,Electronics,3,35.41,2025-09-20,vivaan.913@example.com
ORD1659,ST_005,Charger,Grocery,3,66.05,2025-04-03,arjun.982@example.com
ORD1660,ST-004,Headset,Toys,1,219.87,2026-01-08,emma.970@example.com
ORD1661,ST-001,Blender,Home,8,217.09,2025-03-29,rohan.851@example.com
ORD1662,ST-004,Headset,Electronics,-1,156.56,2025-09-19,james.172@example.com
ORD1663,ST-002,Monitor,Apparel,8,149.94,2025-02-05,rohan.388@example.com
ORD1664,ST-004,Charger,Grocery,1,,2025-09-16,sophia.847@example.com
ORD1665,ST-002,Headset,Grocery,3,120.02,2025-11-11,neha.40@example.com
ORD1666,ST_005,Kettle,Grocery,2,121.6,2025-03-08,neha.553@example.com
ORD1667,ST-001,Speaker,Home,7,93.85,2025-01-23,arjun.440@example.com
ORD1668,ST-002,Speaker,Home,7,88.93,2026-01-15,karan.101@example.com
ORD1669,ST-004,Charger,Apparel,8,191.93,2025-02-12,emma.613@example.com
ORD1670,ST_005,Lamp,Apparel,4,3.36,2026-01-16,aarav.592@example.com
ORD1671,ST_005,Gadget,Toys,1,95.01,2025-04-16,liam.419@example.com
ORD1672,st-003,Gadget,Electronics,7,163.59,2025-05-10,james.876@example.com
ORD1673,ST_005,Lamp,Toys,6,153.75,2025-12-15,noah.774@example.com
ORD1674,ST-002,Lamp,Toys,8,46.32,2025-10-14,sara.496@example.com
ORD1675,st-003,Notebook,Toys,6,194.0,2025-07-23,kabir.876@example.com
ORD1676,ST-002,Gadget,Electronics,8,196.21,2025-03-24,diya.220@example.com
ORD1677,ST_005,Lamp,Apparel,1,41.86,2025-11-22,aarav.824@example.com
ORD1678,ST-001,Jacket,Electronics,8,231.61,2025-08-11,ananya.66@example.com
ORD1674,st-003,Blender,Apparel,2,153.04,2026-01-06,noah.954@example.com
ORD1680,ST-004,Headset,Toys,5,178.48,2025-11-02,vivaan.969@example.com
ORD1681,ST-002,Monitor,Home,8,4.66,2025-12-03,arjun.293@example.com
ORD1682,ST-002,Widget,Toys,4,154.57,2025-12-12,vivaan.369@example.com
ORD1683,ST-002,Monitor,Grocery,-1,,2025-05-22,noah.362@example.com
ORD1684,ST-002,Lamp,Home,4,130.4,2026-01-13,ananya.942@example.com
ORD1685,ST-001,Kettle,Apparel,6,88.17,2025-05-22,rohan.621@example.com
ORD1686,ST-002,Sneaker,Home,1,66.75,2025-07-28,arjun.110@example.com
ORD1687,ST_005,Gadget,Toys,5,86.31,2025-03-01,arjun.980@example.com
ORD1688,st-003,Kettle,Toys,5,174.16,2025-07-13,karan.496@example.com
ORD1689,ST-002,Speaker,Apparel,8,171.04,2025-10-28,aarav.494@example.com
ORD1690,ST-001,Notebook,Grocery,7,159.15,2025-04-23,rohan.820@example.com
ORD1691,st-003,Lamp,Apparel,1,175.8,2025-05-15,rohan.295@example.com
ORD1692,ST-001,Lamp,Apparel,2,139.53,2025-04-02,priya.322@example.com
ORD1693,st-003,Blender,Toys,5,47.33,2026-01-18,meera.511@example.com
ORD1694,ST-002,Blender,Electronics,4,218.44,2025-04-16,rohan.208@example.com
ORD1695,ST-002,Jacket,Toys,6,40.69,2025-02-24,diya.943@example.com
ORD1696,ST-001,Monitor,Home,1,191.53,2025-10-05,vivaan.869@example.com
ORD1697,ST-004,Backpack,Toys,6,124.1,2025-10-22,james.503@example.com
ORD1698,ST-002,Speaker,Toys,5,100.67,2026-01-20,karan.132@example.com
ORD1699,ST-001,Kettle,Home,8,235.03,2025-01-17,arjun.356@example.com
ORD1700,ST-004,Jacket,Electronics,8,244.17,2025-12-24,arjun.472@example.com
ORD1701,st-003,Camera,Grocery,1,169.18,2025-07-14,karan.104@example.com
ORD1702,st-003,Backpack,Toys,5,48.41,2025-05-15,rohan.276@example.com
ORD1703,ST-004,Headset,Apparel,6,47.61,2025-08-06,meera.430@example.com
ORD1704,ST-002,Speaker,Apparel,6,213.87,2025-05-24,mateo.185@example.com
ORD1705,ST_005,Charger,Toys,4,203.92,2026-01-05,james.824@example.com
ORD1706,ST-002,Kettle,Home,7,50.62,2026-01-14,kabir.485@example.com
ORD1707,ST-001,Charger,Home,8,35.35,2025-11-19,arjun.547@example.com
ORD1708,ST-002,Backpack,Home,5,,2025-10-18,vivaan.408@example.com
ORD1709,ST-001,Camera,Electronics,1,55.44,2025-05-11,priya.860@example.com
ORD1710,ST-002,Gadget,Home,6,66.42,2025-07-04,sara.571@example.com
ORD1711,st-003,Backpack,Grocery,7,32.07,2025-12-14,neha.204@example.com
ORD1712,ST_005,Headset,Toys,3,244.88,2025-05-26,olivia.333@example.com
ORD1713,ST-002,Kettle,Home,8,222.63,2025-07-15,neha.294@example.com
ORD1714,ST-004,Monitor,Electronics,3,160.86,2025-06-22,sophia.647@example.com
ORD1715,ST_005,Headset,Home,2,21.62,2025-06-25,rohan.322@example.com
ORD1716,st-003,Monitor,Apparel,5,152.14,2025-07-22,james.909@example.com
ORD1717,ST-004,Speaker,Apparel,8,104.67,2025-04-05,aarav.129@example.com
ORD1718,ST-002,Blender,Apparel,2,54.22,2025-07-23,diya.98@example.com
ORD1719,ST-001,Sneaker,Toys,1,8.54,2025-07-23,arjun.784@example.com
ORD1720,ST-001,Gadget,Apparel,3,22.91,2025-07-19,emma.235@example.com
ORD1721,ST-002,Camera,Apparel,8,157.37,2025-03-09,arjun.859@example.com
ORD1722,ST-002,Widget,Grocery,6,215.37,2025-06-16,priya.479@example.com
ORD1723,ST_005,Notebook,Toys,8,35.51,2025-12-24,sara.182@example.com
ORD1724,ST_005,Headset,Home,7,131.82,2025-11-24,sara.318@example.com
ORD1725,st-003,Sneaker,Toys,4,201.57,2025-08-15,emma.375@example.com
ORD1726,ST-004,Notebook,Electronics,5,4.62,2025-09-25,kabir.353@example.com
ORD1727,st-003,Sneaker,Toys,1,172.57,2025-09-09,priya.307@example.com
ORD1728,ST-001,Speaker,Home,5,150.06,2025-01-04,sara.383@example.com
ORD1729,ST-002,Lamp,Toys,7,99.9,2025-03-25,noah.849@example.com
ORD1730,ST-004,Blender,Apparel,2,106.72,2025-05-03,arjun.783@example.com
ORD1731,ST_005,Speaker,Apparel,5,162.82,2025-09-30,james.423@example.com
ORD1732,ST-002,Jacket,Grocery,3,35.88,2025-02-26,mateo.633@example.com
ORD1733,ST-004,Notebook,Toys,8,48.57,2025-01-10,kabir.51@example.com
ORD1734,ST_005,Widget,Electronics,2,71.96,2025-03-06,mateo.745@example.com
ORD1735,ST-001,Blender,Grocery,3,5.65,2025-04-22,liam.431@example.com
ORD1736,st-003,Speaker,Home,6,116.99,2025-01-17,liam.83@example.com
ORD1737,ST-002,Widget,Apparel,7,19.7,2025-08-29,ishaan.197@example.com
ORD1738,st-003,Jacket,Home,1,32.25,2026-01-29,rohan.395@example.com
ORD1739,ST-004,Blender,Grocery,-1,116.29,2026-01-30,diya.534@example.com
ORD1740,ST-002,Blender,Home,7,171.0,2025-06-09,liam.163@example.com
ORD1741,ST-002,Camera,Grocery,-1,64.82,2025-11-23,emma.204@example.com
ORD1742,st-003,Widget,Electronics,2,60.52,2025-08-11,liam.16@example.com
ORD1743,ST-002,Speaker,Apparel,2,100.16,2025-05-05,aarav.993@example.com
ORD1744,ST-001,Headset,Home,3,94.11,2025-02-15,rohan.162@example.com
ORD1745,ST-004,Gadget,Toys,6,232.85,2026-01-24,vivaan.62@example.com
ORD1746,st-003,Monitor,Electronics,2,33.21,2025-04-30,liam.572@example.com
ORD1747,ST-002,Speaker,Apparel,-1,183.83,2025-01-11,noah.367@example.com
ORD1748,ST-002,Charger,Apparel,1,122.35,2025-08-13,sara.302@example.com
ORD1749,ST_005,Camera,Home,4,142.54,2025-10-06,olivia.332@example.com
ORD1750,ST-002,Sneaker,Apparel,3,19.08,2025-03-21,mateo.303@example.com
ORD1751,st-003,Kettle,Apparel,8,2.18,2025-11-23,arjun.389@example.com
ORD1752,ST-002,Charger,Grocery,6,194.45,2025-05-03,liam.739@example.com
ORD1753,ST-001,Monitor,Toys,7,49.09,2025-12-16,priya.785@example.com
ORD1754,ST_005,Charger,Toys,5,82.0,2025-11-25,liam.114@example.com
ORD1755,ST-001,Kettle,Grocery,1,209.13,2025-03-08,ishaan.895@example.com
ORD1756,ST-001,Blender,Grocery,8,49.52,2025-01-17,karan.658@example.com
ORD1757,ST-004,Monitor,Home,5,14.17,2025-04-24,neha.736@example.com
ORD1758,ST-001,Widget,Electronics,8,232.24,2025-02-10,mateo.821@example.com
ORD1759,ST-002,Widget,Apparel,7,205.86,2025-12-29,vivaan.844@example.com
ORD1760,ST_005,Notebook,Toys,1,184.11,2025-06-05,ananya.968@example.com
ORD1761,ST-002,Kettle,Grocery,2,181.84,2025-09-30,noah.195@example.com
ORD1762,ST-002,Kettle,Electronics,3,140.49,2025-10-13,sophia.765@example.com
ORD1763,ST-001,Speaker,Toys,6,169.27,2025-12-26,sophia.905@example.com
ORD1764,ST-001,Charger,Electronics,7,127.16,2025-12-03,ishaan.547@example.com
ORD1765,ST_005,Sneaker,Apparel,6,138.42,2025-06-16,olivia.423@example.com
ORD1766,ST-002,Lamp,Apparel,4,141.66,2025-04-20,noah.785@example.com
ORD1767,ST_005,Camera,Apparel,6,240.49,2025-08-18,noah.1@example.com
ORD1768,ST-002,Widget,Apparel,1,130.37,2025-06-04,aarav.308@example.com
ORD1769,ST-002,Blender,Apparel,1,193.34,2025-12-20,james.942@example.com
ORD1770,ST_005,Kettle,Toys,-1,25.38,2025-08-24,olivia.160@example.com
ORD1771,ST-002,Notebook,Apparel,4,59.78,2025-06-03,ananya.585@example.com
ORD1772,ST-004,Headset,Electronics,2,181.45,2025-09-05,ishaan.500@example.com
ORD1773,ST-002,Camera,Toys,2,149.62,2025-06-03,vivaan.749@example.com
ORD1774,ST_005,Lamp,Grocery,1,230.62,2025-06-21,olivia.901@example.com
ORD1775,ST-004,Lamp,Grocery,4,187.42,2025-11-05,aarav.650@example.com
ORD1771,ST-002,Lamp,Grocery,5,132.05,2025-06-13,sara.579@example.com
ORD1777,ST-002,Backpack,Toys,4,39.99,2025-12-11,noah.995@example.com
ORD1778,ST-004,Speaker,Toys,2,57.08,2025-05-29,noah.152@example.com
ORD1779,ST-002,Backpack,Grocery,8,143.72,2025-01-26,sara.409@example.com
ORD1780,st-003,Gadget,Home,7,193.91,2025-03-08,kabir.493@example.com
ORD1781,ST_005,Blender,Home,7,163.76,2025-04-11,sara.631@example.com
ORD1782,ST-002,Kettle,Electronics,4,19.77,2026-02-02,sophia.332@example.com
ORD1783,ST-002,Headset,Grocery,2,168.59,2025-08-05,olivia.357@example.com
ORD1784,ST-002,Backpack,Apparel,1,192.88,2025-03-28,olivia.632@example.com
ORD1785,ST-004,Headset,Electronics,8,13.13,2025-04-30,meera.702@example.com
ORD1786,st-003,Charger,Grocery,2,185.42,2025-05-05,neha.949@example.com
ORD1787,ST-002,Jacket,Apparel,1,87.13,2025-02-26,emma.461@example.com
ORD1788,ST-004,Widget,Apparel,4,185.52,2025-04-19,meera.560@example.com
ORD1789,ST_005,Speaker,Apparel,8,156.51,2025-03-14,aarav.386@example.com
ORD1790,ST_005,Monitor,Toys,1,65.35,2025-01-31,emma.206@example.com
ORD1791,ST-002,Headset,Apparel,1,117.31,2025-01-05,ananya.398@example.com
ORD1792,ST-002,Notebook,Apparel,2,6.73,2025-11-29,noah.237@example.com
ORD1793,ST-004,Kettle,Grocery,6,122.2,2025-11-02,sara.91@example.com
ORD1794,ST-002,Blender,Toys,8,141.05,2025-12-31,aarav.41@example.com
ORD1795,ST-002,Kettle,Apparel,6,123.5,2026-01-17,ishaan.19@example.com
ORD1796,st-003,Monitor,Apparel,6,157.06,2025-05-01,arjun.283@example.com
ORD1797,ST-001,Monitor,Apparel,7,222.82,2025-01-16,sara.972@example.com
ORD1798,st-003,Blender,Electronics,6,,2025-12-03,kabir.90@example.com
ORD1799,ST-002,Lamp,Toys,4,105.5,2025-10-21,kabir.437@example.com
ORD1800,st-003,Headset,Apparel,8,136.47,2025-04-16,kabir.595@example.com
ORD1801,ST_005,Monitor,Electronics,3,78.63,2025-12-28,arjun.932@example.com
ORD1802,ST-002,Lamp,Electronics,3,80.74,2025-10-13,sara.972@example.com
ORD1803,ST-002,Gadget,Electronics,6,210.2,2025-03-16,aarav.784@example.com
ORD1804,st-003,Lamp,Home,5,111.87,2025-11-23,james.156@example.com
ORD1805,ST-002,Gadget,Electronics,3,8.5,2025-11-10,neha.274@example.com
ORD1806,ST_005,Headset,Toys,4,149.9,2025-04-29,aarav.368@example.com
ORD1807,ST-001,Camera,Home,3,126.58,2025-11-06,priya.730@example.com
ORD1808,ST-002,Backpack,Electronics,7,123.88,2025-03-12,ishaan.198@example.com
ORD1809,ST-002,Widget,Home,1,231.51,2025-07-31,rohan.761@example.com
ORD1810,ST-002,Blender,Electronics,2,45.92,2025-08-13,neha.502@example.com
ORD1811,ST-002,Backpack,Home,4,108.03,2026-02-02,vivaan.623@example.com
ORD1812,ST-002,Jacket,Home,6,99.75,2026-01-16,karan.609@example.com
ORD1813,ST_005,Kettle,Grocery,2,114.0,2025-01-22,rohan.532@example.com
ORD1814,ST_005,Lamp,Grocery,7,130.0,2025-11-19,vivaan.195@example.com
ORD1815,st-003,Sneaker,Home,5,193.87,2025-05-27,mateo.171@example.com
ORD1816,ST-004,Notebook,Toys,1,173.11,2025-03-14,mateo.850@example.com
ORD1817,ST-002,Sneaker,Grocery,2,,2025-10-27,sara.139@example.com
ORD1818,ST-004,Lamp,Apparel,8,8.18,2025-08-21,karan.919@example.com
ORD1819,ST-002,Blender,Home,2,,2025-12-21,ishaan.736@example.com
ORD1820,ST-002,Gadget,Grocery,2,177.14,2025-11-21,olivia.88@example.com
ORD1821,ST_005,Camera,Home,3,95.91,2025-07-14,vivaan.787@example.com
ORD1822,ST-002,Backpack,Toys,3,42.21,2025-03-16,ishaan.788@example.com
ORD1823,ST-002,Widget,Home,5,78.76,2026-01-29,mateo.296@example.com
ORD1824,ST-002,Charger,Grocery,3,,2025-01-02,neha.784@example.com
ORD1825,st-003,Widget,Home,8,214.14,2025-10-06,aarav.623@example.com
ORD1826,ST-004,Blender,Electronics,8,114.53,2025-08-15,ananya.616@example.com
ORD1827,ST_005,Widget,Electronics,5,155.7,2025-10-13,meera.51@example.com
ORD1828,ST-002,Charger,Grocery,6,11.11,2025-01-17,karan.859@example.com
ORD1829,ST_005,Notebook,Apparel,2,14.16,2025-08-02,ishaan.166@example.com
ORD1830,ST-002,Notebook,Toys,3,241.64,2026-01-19,karan.369@example.com
ORD1831,ST-001,Gadget,Apparel,6,,2025-07-14,ananya.777@example.com
ORD1832,ST-004,Jacket,Toys,2,74.62,2025-03-10,diya.712@example.com
ORD1833,st-003,Backpack,Toys,7,132.11,2025-12-23,meera.627@example.com
ORD1834,ST-001,Gadget,Toys,2,121.95,2025-12-19,neha.957@example.com
ORD1835,ST-002,Notebook,Home,6,66.4,2025-10-22,neha.363@example.com
ORD1836,ST-002,Headset,Toys,8,130.89,2025-11-20,priya.505@example.com
ORD1837,ST-002,Headset,Electronics,5,244.86,2025-01-01,diya.25@example.com
ORD1838,ST-004,Monitor,Grocery,4,,2025-08-01,sophia.47@example.com
ORD1839,st-003,Backpack,Toys,4,4.8,2025-04-14,emma.261@example.com
ORD1840,ST-001,Notebook,Apparel,6,192.22,2025-02-28,liam.350@example.com
ORD1841,ST-004,Camera,Toys,1,208.35,2025-04-10,liam.854@example.com
ORD1842,st-003,Monitor,Home,8,199.72,2025-11-27,kabir.494@example.com
ORD1843,ST-002,Monitor,Home,6,116.69,2025-07-31,vivaan.856@example.com
ORD1844,ST_005,Notebook,Toys,6,139.68,2025-01-10,meera.592@example.com
ORD1845,ST-002,Backpack,Apparel,2,242.46,2025-05-24,aarav.348@example.com
ORD1846,ST-004,Monitor,Toys,3,143.6,2025-07-19,ishaan.610@example.com
ORD1847,ST-001,Jacket,Apparel,6,178.04,2025-05-20,sophia.89@example.com
ORD1848,ST-004,Blender,Apparel,8,207.71,2025-06-04,meera.538@example.com
ORD1849,st-003,Charger,Grocery,6,196.67,2026-02-03,meera.936@example.com
ORD1850,ST-001,Sneaker,Toys,1,200.16,2025-09-14,kabir.195@example.com
ORD1851,st-003,Sneaker,Toys,5,194.33,2025-03-15,diya.842@example.com
ORD1852,ST_005,Monitor,Electronics,4,181.69,2025-08-24,noah.731@example.com
ORD1853,ST_005,Gadget,Grocery,5,233.22,2025-12-18,neha.893@example.com
ORD1854,ST-001,Backpack,Home,1,27.57,2026-01-28,emma.24@example.com
ORD1855,ST_005,Speaker,Apparel,4,81.58,2025-04-09,emma.284@example.com
ORD1856,ST_005,Backpack,Home,2,69.62,2025-03-22,james.118@example.com
ORD1857,ST-001,Headset,Toys,-1,53.23,2025-06-29,sara.327@example.com
ORD1858,st-003,Charger,Apparel,4,44.48,2025-06-09,neha.914@example.com
ORD1859,st-003,Kettle,Home,1,34.26,2025-08-30,vivaan.109@example.com
ORD1860,ST-004,Widget,Grocery,7,99.2,2025-12-27,neha.913@example.com
ORD1861,ST_005,Monitor,Home,6,79.49,2025-04-12,sara.81@example.com
ORD1862,ST-004,Headset,Electronics,2,203.59,2025-12-24,mateo.100@example.com
ORD1863,ST-004,Notebook,Home,8,59.46,2025-04-25,kabir.882@example.com
ORD1864,ST_005,Notebook,Apparel,7,47.47,2025-12-07,liam.808@example.com
ORD1865,st-003,Sneaker,Home,1,18.21,2025-02-27,olivia.491@example.com
ORD1866,ST-004,Jacket,Electronics,5,192.45,2025-11-06,karan.131@example.com
ORD1867,ST_005,Gadget,Home,2,82.82,2025-11-29,ananya.812@example.com
ORD1868,st-003,Kettle,Home,7,148.45,2025-05-03,neha.250@example.com
ORD1869,ST_005,Charger,Home,7,18.38,2025-04-17,karan.442@example.com
ORD1870,ST-004,Headset,Apparel,4,44.93,2025-12-09,ananya.758@example.com
ORD1871,ST-002,Headset,Home,2,148.86,2025-08-26,liam.569@example.com
ORD1872,ST-001,Jacket,Home,3,78.39,2025-07-27,ananya.613@example.com
ORD1868,ST-001,Monitor,Toys,7,83.2,2025-11-27,vivaan.93@example.com
ORD1874,ST-002,Jacket,Electronics,1,189.76,2025-12-05,kabir.464@example.com
ORD1875,ST_005,Notebook,Home,8,50.53,2025-12-15,liam.307@example.com
ORD1876,ST_005,Speaker,Apparel,7,180.01,2025-06-26,ananya.597@example.com
ORD1877,ST-001,Headset,Toys,7,212.21,2025-05-31,vivaan.379@example.com
ORD1878,ST_005,Widget,Grocery,6,29.21,2025-05-25,aarav.241@example.com
ORD1879,ST-004,Camera,Toys,7,157.05,2025-12-31,noah.416@example.com
ORD1880,ST-004,Lamp,Toys,4,166.3,2025-09-01,kabir.193@example.com
ORD1881,ST_005,Lamp,Apparel,7,40.26,2025-12-10,kabir.138@example.com
ORD1882,ST-001,Gadget,Grocery,3,180.89,2025-09-07,sophia.999@example.com
ORD1883,ST-002,Gadget,Electronics,-1,215.32,2025-12-23,neha.953@example.com
ORD1884,ST-004,Headset,Electronics,8,128.33,2025-10-10,mateo.394@example.com
ORD1885,st-003,Blender,Electronics,7,151.93,2025-10-23,priya.868@example.com
ORD1886,ST-002,Blender,Toys,5,103.89,2025-10-07,karan.376@example.com
ORD1887,ST-001,Widget,Toys,8,176.81,2025-02-27,karan.494@example.com
ORD1888,ST-002,Gadget,Electronics,5,117.3,2025-02-10,arjun.912@example.com
ORD1889,ST_005,Gadget,Electronics,8,158.4,2025-12-06,ananya.701@example.com
ORD1890,ST-002,Kettle,Toys,5,154.03,2025-06-25,sara.798@example.com
ORD1891,ST-001,Sneaker,Home,8,144.34,2025-06-19,sophia.362@example.com
ORD1892,st-003,Notebook,Electronics,1,174.37,2025-11-02,emma.745@example.com
ORD1893,ST_005,Notebook,Grocery,8,145.38,2025-10-21,vivaan.673@example.com
ORD1894,st-003,Speaker,Toys,1,73.13,2025-02-12,kabir.518@example.com
ORD1895,ST-001,Jacket,Apparel,5,34.87,2025-05-24,james.879@example.com
ORD1896,st-003,Widget,Grocery,3,227.71,2026-01-14,kabir.675@example.com
ORD1897,ST-004,Backpack,Electronics,5,196.07,2025-05-01,priya.186@example.com
ORD1898,ST_005,Jacket,Grocery,6,246.05,2025-03-16,neha.957@example.com
ORD1899,ST-002,Jacket,Home,7,193.05,2025-05-02,mateo.744@example.com
ORD1900,ST-002,Charger,Electronics,6,15.47,2025-05-16,diya.54@example.com
ORD1901,ST-002,Sneaker,Home,8,76.74,2026-01-18,sara.240@example.com
ORD1902,ST-004,Monitor,Home,8,67.13,2025-09-29,sophia.13@example.com
ORD1903,st-003,Speaker,Home,7,170.27,2025-09-29,vivaan.100@example.com
ORD1904,ST_005,Monitor,Apparel,7,153.4,2025-11-30,james.344@example.com
ORD1905,st-003,Notebook,Grocery,5,164.28,2025-07-20,mateo.792@example.com
ORD1906,ST-002,Camera,Electronics,4,130.95,2025-12-13,ishaan.321@example.com
ORD1907,ST_005,Widget,Grocery,-1,4.97,2025-02-20,arjun.107@example.com
ORD1908,ST-002,Sneaker,Apparel,4,181.86,2025-05-09,meera.35@example.com
ORD1909,ST-001,Headset,Grocery,-1,234.75,2025-12-03,meera.974@example.com
ORD1910,ST_005,Monitor,Grocery,-1,23.42,2025-11-06,kabir.385@example.com
ORD1911,ST-002,Speaker,Toys,3,224.21,2025-12-23,ishaan.260@example.com
ORD1912,st-003,Sneaker,Grocery,8,,2025-05-22,sophia.709@example.com
ORD1913,ST-002,Speaker,Apparel,5,42.17,2025-02-07,james.796@example.com
ORD1914,ST-001,Lamp,Home,6,249.0,2025-05-13,james.183@example.com
ORD1915,ST-004,Gadget,Home,4,153.35,2025-04-02,priya.112@example.com
ORD1916,ST-002,Kettle,Home,4,,2025-02-24,mateo.733@example.com
ORD1917,st-003,Gadget,Grocery,2,19.46,2026-01-08,james.796@example.com
ORD1918,ST-004,Widget,Home,3,163.91,2025-01-01,vivaan.681@example.com
ORD1919,ST-004,Notebook,Electronics,6,226.35,2025-10-22,aarav.528@example.com
ORD1920,ST-002,Speaker,Home,8,110.14,2026-01-08,ananya.554@example.com
ORD1921,ST-002,Widget,Home,8,32.06,2025-10-02,olivia.342@example.com
ORD1922,ST-002,Notebook,Home,1,158.8,2025-11-28,ananya.375@example.com
ORD1923,ST_005,Jacket,Apparel,2,210.61,2026-01-25,emma.664@example.com
ORD1924,ST-002,Charger,Toys,1,241.94,2025-12-05,meera.307@example.com
ORD1925,ST-002,Lamp,Grocery,6,122.65,2025-11-20,mateo.753@example.com
ORD1926,ST-002,Charger,Grocery,4,8.29,2025-10-31,rohan.501@example.com
ORD1927,ST-004,Gadget,Toys,5,125.92,2025-08-19,aarav.38@example.com
ORD1928,st-003,Widget,Apparel,1,102.57,2025-04-19,arjun.470@example.com
ORD1929,ST-002,Jacket,Toys,3,185.78,2025-04-30,ananya.38@example.com
ORD1930,ST-002,Charger,Home,1,,2025-11-13,vivaan.249@example.com
ORD1931,ST-002,Monitor,Electronics,1,44.72,2025-01-26,emma.841@example.com
ORD1932,ST-001,Sneaker,Toys,3,209.17,2025-02-02,diya.117@example.com
ORD1933,ST-004,Headset,Toys,-1,17.65,2025-04-14,sophia.346@example.com
ORD1934,ST-002,Monitor,Home,6,31.96,2025-12-17,karan.559@example.com
ORD1935,ST-002,Backpack,Electronics,1,149.09,2025-06-21,ananya.124@example.com
ORD1936,st-003,Charger,Home,3,174.68,2025-10-11,ishaan.450@example.com
ORD1937,ST-002,Headset,Grocery,3,26.79,2025-11-20,neha.386@example.com
ORD1938,ST-002,Widget,Home,2,3.57,2025-04-02,ananya.724@example.com
ORD1939,ST-002,Headset,Apparel,7,173.99,2026-01-31,priya.709@example.com
ORD1940,ST-002,Blender,Electronics,5,131.73,2025-07-30,rohan.961@example.com
ORD1941,ST-002,Headset,Grocery,3,179.87,2025-11-10,ananya.643@example.com
ORD1942,st-003,Backpack,Home,1,140.31,2025-04-09,diya.543@example.com
ORD1943,ST-001,Headset,Apparel,4,117.13,2025-11-17,meera.284@example.com
ORD1944,ST-001,Blender,Grocery,3,171.94,2025-08-31,priya.181@example.com
ORD1945,ST-002,Monitor,Grocery,1,161.93,2025-05-26,meera.446@example.com
ORD1946,st-003,Backpack,Toys,8,12.74,2026-01-15,vivaan.948@example.com
ORD1947,ST_005,Charger,Electronics,1,122.3,2025-03-01,ananya.917@example.com
ORD1948,ST-002,Camera,Home,6,105.93,2026-01-18,liam.236@example.com
ORD1949,ST-001,Backpack,Electronics,2,60.81,2025-07-31,meera.385@example.com
ORD1950,ST-002,Gadget,Home,8,15.48,2025-08-12,kabir.222@example.com
ORD1951,ST_005,Sneaker,Electronics,7,94.62,2025-08-23,meera.648@example.com
ORD1952,st-003,Notebook,Electronics,6,33.55,2025-12-21,karan.62@example.com
ORD1953,st-003,Charger,Grocery,8,115.73,2025-03-29,liam.226@example.com
ORD1954,st-003,Headset,Electronics,3,145.37,2025-10-11,rohan.89@example.com
ORD1955,ST-004,Jacket,Toys,8,215.83,2025-04-21,karan.485@example.com
ORD1956,ST-004,Notebook,Grocery,7,184.57,2025-05-07,rohan.336@example.com
ORD1957,ST-004,Headset,Electronics,3,228.61,2025-01-03,sophia.46@example.com
ORD1958,ST-001,Sneaker,Toys,1,107.57,2025-07-21,priya.830@example.com
ORD1959,ST-002,Jacket,Grocery,8,124.83,2025-02-12,sara.772@example.com
ORD1960,ST-001,Camera,Home,4,34.91,2025-06-01,rohan.664@example.com
ORD1961,ST-001,Widget,Home,5,42.13,2025-08-24,karan.766@example.com
ORD1962,ST_005,Widget,Home,8,193.42,2025-12-27,noah.190@example.com
ORD1963,st-003,Monitor,Home,1,215.37,2025-02-06,noah.915@example.com
ORD1964,ST-002,Backpack,Toys,1,75.55,2026-01-21,james.715@example.com
ORD1965,ST_005,Kettle,Toys,4,197.35,2025-02-11,neha.902@example.com
ORD1966,st-003,Camera,Grocery,6,222.22,2025-02-26,noah.375@example.com
ORD1967,ST-004,Headset,Grocery,6,,2025-11-28,sara.722@example.com
ORD1968,ST-001,Kettle,Electronics,3,245.35,2025-05-03,sara.117@example.com
ORD1969,ST-002,Sneaker,Toys,4,188.79,2026-01-25,rohan.329@example.com
ORD1965,st-003,Notebook,Toys,7,70.73,2025-02-02,olivia.354@example.com
ORD1971,ST-004,Sneaker,Toys,2,118.6,2025-09-30,sara.922@example.com
ORD1972,st-003,Sneaker,Toys,6,200.38,2025-12-21,ananya.193@example.com
ORD1973,ST-004,Gadget,Grocery,7,224.69,2025-05-28,ananya.112@example.com
ORD1974,ST-002,Notebook,Grocery,3,125.09,2025-04-15,arjun.975@example.com
ORD1975,ST-002,Widget,Apparel,7,242.45,2025-10-05,kabir.486@example.com
ORD1976,st-003,Lamp,Home,1,74.3,2025-02-02,aarav.893@example.com
ORD1977,ST-002,Jacket,Toys,6,104.1,2025-06-25,liam.498@example.com
ORD1978,ST_005,Monitor,Toys,8,115.59,2025-10-18,kabir.920@example.com
ORD1979,st-003,Charger,Apparel,4,122.09,2025-05-28,vivaan.152@example.com
ORD1980,st-003,Notebook,Home,3,155.42,2025-03-24,sara.293@example.com
ORD1981,ST-002,Charger,Electronics,3,61.0,2025-01-22,liam.589@example.com
ORD1982,ST-002,Sneaker,Apparel,6,47.76,2025-10-15,vivaan.682@example.com
ORD1983,st-003,Backpack,Electronics,6,113.21,2025-03-25,sara.309@example.com
ORD1984,ST-001,Widget,Home,8,,2025-08-23,liam.160@example.com
ORD1985,ST-001,Camera,Toys,6,162.52,2025-06-01,priya.918@example.com
ORD1986,st-003,Speaker,Toys,3,200.29,2026-01-09,mateo.347@example.com
ORD1987,ST-002,Gadget,Home,1,36.58,2025-10-10,diya.316@example.com
ORD1988,ST-001,Lamp,Toys,4,112.6,2025-02-17,liam.57@example.com
ORD1989,ST_005,Monitor,Electronics,4,195.76,2026-01-28,james.201@example.com
ORD1990,ST-001,Gadget,Toys,8,169.91,2025-02-14,arjun.404@example.com
ORD1991,ST-002,Sneaker,Apparel,1,227.29,2025-07-04,noah.152@example.com
ORD1992,ST-002,Jacket,Home,6,97.76,2025-01-07,emma.354@example.com
ORD1993,st-003,Notebook,Home,2,55.49,2025-08-16,sophia.823@example.com
ORD1994,ST-004,Notebook,Electronics,7,182.69,2025-08-01,kabir.856@example.com
ORD1995,ST_005,Headset,Grocery,-1,53.53,2025-09-01,arjun.344@example.com
ORD1996,ST-001,Headset,Home,2,3.64,2025-11-24,james.425@example.com
ORD1997,ST-002,Kettle,Home,3,51.42,2025-07-15,emma.568@example.com
ORD1998,ST-004,Widget,Apparel,5,124.54,2026-01-14,mateo.230@example.com
ORD1999,ST-001,Speaker,Grocery,3,67.14,2025-11-24,priya.128@example.com
ORD2000,ST-002,Monitor,Apparel,7,46.48,2025-12-19,rohan.30@example.com
ORD2001,ST-001,Speaker,Apparel,8,248.59,2025-02-04,neha.764@example.com
ORD2002,st-003,Headset,Home,7,217.35,2025-11-18,priya.998@example.com
ORD2003,ST-002,Jacket,Grocery,6,129.11,2025-10-22,aarav.866@example.com
ORD2004,st-003,Charger,Toys,1,38.24,2025-08-25,kabir.366@example.com
ORD2005,ST-002,Widget,Apparel,6,106.04,2025-07-02,vivaan.297@example.com
ORD2006,st-003,Kettle,Grocery,4,,2025-04-04,diya.614@example.com
ORD2007,ST-002,Kettle,Apparel,6,207.05,2025-12-17,emma.278@example.com
ORD2008,ST-002,Camera,Apparel,2,134.54,2025-06-30,kabir.14@example.com
ORD2009,ST-002,Kettle,Apparel,6,195.14,2025-07-30,liam.944@example.com
ORD2010,ST-002,Gadget,Electronics,3,126.84,2025-04-07,sara.629@example.com
ORD2011,ST-002,Jacket,Toys,2,105.5,2025-02-09,diya.839@example.com
ORD2012,ST-002,Widget,Home,6,79.27,2025-07-05,kabir.837@example.com
ORD2013,ST-004,Headset,Toys,6,44.71,2025-06-05,aarav.763@example.com
ORD2014,ST-001,Blender,Electronics,3,172.64,2025-06-07,kabir.215@example.com
ORD2015,ST-002,Gadget,Home,2,21.28,2026-02-01,priya.776@example.com
ORD2016,ST-004,Widget,Electronics,2,10.13,2025-12-04,arjun.608@example.com
ORD2017,ST-001,Sneaker,Grocery,5,,2025-06-04,aarav.773@example.com
ORD2018,ST-001,Speaker,Grocery,4,147.73,2025-04-13,ishaan.687@example.com
ORD2019,st-003,Widget,Grocery,3,211.77,2025-05-23,karan.357@example.com
ORD2020,st-003,Charger,Toys,4,127.22,2025-02-04,diya.840@example.com
ORD2021,ST_005,Speaker,Grocery,4,179.52,2025-05-25,ishaan.924@example.com
ORD2022,ST_005,Widget,Grocery,4,230.28,2025-12-29,priya.376@example.com
ORD2023,ST-002,Headset,Electronics,8,169.03,2025-02-24,ishaan.855@example.com
ORD2024,st-003,Lamp,Home,4,,2025-07-28,diya.780@example.com
ORD2025,st-003,Gadget,Home,2,130.89,2025-09-11,olivia.722@example.com
ORD2026,st-003,Kettle,Grocery,-1,83.37,2025-03-01,noah.291@example.com
ORD2027,ST-004,Headset,Apparel,8,58.02,2025-07-28,emma.876@example.com
ORD2028,ST-004,Blender,Grocery,8,234.89,2025-07-08,ishaan.14@example.com
ORD2029,ST-002,Sneaker,Grocery,7,110.64,2025-12-04,ananya.123@example.com
ORD2030,ST-002,Lamp,Home,2,185.88,2025-03-28,ananya.373@example.com
ORD2031,ST-002,Backpack,Electronics,7,32.45,2025-08-06,priya.286@example.com
ORD2032,ST-002,Speaker,Toys,5,189.56,2025-11-26,noah.365@example.com
ORD2033,ST-004,Monitor,Toys,7,,2025-09-19,james.151@example.com
ORD2034,ST-004,Gadget,Grocery,5,123.36,2025-04-29,kabir.31@example.com
ORD2035,ST-001,Camera,Grocery,2,125.54,2025-01-14,ishaan.392@example.com
ORD2036,ST_005,Monitor,Apparel,3,77.08,2025-11-16,diya.779@example.com
ORD2037,ST-001,Monitor,Toys,8,198.6,2025-04-14,emma.678@example.com
ORD2038,ST-004,Sneaker,Toys,5,136.52,2025-10-04,sara.19@example.com
ORD2039,ST-001,Lamp,Grocery,7,113.63,2025-07-12,mateo.471@example.com
ORD2040,ST-001,Widget,Electronics,5,221.41,2025-03-26,priya.442@example.com
ORD2041,ST-002,Notebook,Home,8,191.47,2025-10-19,priya.676@example.com
ORD2042,ST_005,Monitor,Toys,8,120.03,2025-03-22,arjun.58@example.com
ORD2043,ST-004,Notebook,Home,7,,2025-06-30,emma.329@example.com
ORD2044,ST-001,Widget,Toys,1,33.79,2025-07-07,olivia.829@example.com
ORD2045,ST-002,Headset,Grocery,6,96.38,2025-08-08,olivia.366@example.com
ORD2046,ST-004,Backpack,Grocery,4,63.41,2025-11-28,emma.607@example.com
ORD2047,ST-001,Camera,Grocery,5,30.39,2025-03-28,aarav.552@example.com
ORD2048,st-003,Widget,Home,7,142.88,2025-08-04,james.21@example.com
ORD2049,ST-002,Sneaker,Toys,-1,246.47,2025-07-13,karan.400@example.com
ORD2050,st-003,Headset,Grocery,8,26.81,2025-12-12,meera.345@example.com
ORD2051,ST-004,Kettle,Apparel,3,154.48,2025-07-06,sophia.207@example.com
ORD2052,ST-004,Monitor,Grocery,4,73.26,2025-01-25,emma.588@example.com
ORD2053,ST-004,Speaker,Electronics,-1,179.99,2025-10-24,diya.607@example.com
ORD2054,st-003,Notebook,Grocery,8,107.92,2025-06-27,ananya.668@example.com
ORD2055,st-003,Kettle,Apparel,7,166.54,2025-06-10,meera.425@example.com
ORD2056,ST-004,Notebook,Toys,8,168.55,2025-10-08,ishaan.903@example.com
ORD2057,ST-001,Monitor,Toys,3,145.06,2025-04-20,mateo.275@example.com
ORD2058,ST-002,Kettle,Toys,7,233.79,2026-01-08,vivaan.535@example.com
ORD2059,ST-002,Backpack,Home,3,61.61,2026-01-18,emma.865@example.com
ORD2060,ST-004,Lamp,Apparel,2,,2025-07-31,james.844@example.com
ORD2061,st-003,Monitor,Electronics,5,172.34,2025-05-01,noah.245@example.com
ORD2062,ST-001,Charger,Electronics,1,62.91,2025-06-08,mateo.498@example.com
ORD2063,ST_005,Lamp,Home,1,52.09,2025-05-20,kabir.30@example.com
ORD2064,st-003,Speaker,Apparel,3,,2025-01-22,priya.802@example.com
ORD2065,ST-001,Widget,Grocery,6,151.2,2025-02-02,sophia.919@example.com
ORD2066,st-003,Monitor,Grocery,7,235.9,2026-01-06,kabir.242@example.com
ORD2062,ST-001,Headset,Toys,2,131.45,2025-10-25,arjun.258@example.com
ORD2068,ST-004,Gadget,Electronics,2,193.75,2025-06-10,liam.853@example.com
ORD2069,ST_005,Camera,Home,4,234.0,2025-04-22,kabir.110@example.com
ORD2070,ST-002,Blender,Apparel,8,,2025-10-29,vivaan.503@example.com
ORD2071,ST_005,Backpack,Grocery,6,137.34,2025-09-01,rohan.987@example.com
ORD2072,st-003,Speaker,Electronics,6,119.86,2025-07-08,emma.22@example.com
ORD2073,ST-002,Headset,Grocery,1,173.29,2025-12-10,rohan.260@example.com
ORD2074,ST_005,Lamp,Apparel,6,225.98,2025-12-17,diya.548@example.com
ORD2075,ST-002,Jacket,Home,7,3.95,2025-07-21,james.309@example.com
ORD2076,ST-001,Jacket,Electronics,5,,2025-03-24,mateo.647@example.com
ORD2077,st-003,Speaker,Home,1,69.96,2025-02-11,priya.483@example.com
ORD2078,ST-002,Lamp,Apparel,7,219.44,2025-02-21,ishaan.716@example.com
ORD2079,st-003,Kettle,Grocery,6,106.38,2026-01-09,sara.756@example.com
ORD2080,st-003,Sneaker,Grocery,1,161.06,2025-04-05,mateo.811@example.com
ORD2081,ST-002,Charger,Grocery,7,51.62,2025-06-06,liam.590@example.com
ORD2082,ST-001,Gadget,Electronics,4,130.06,2026-01-29,kabir.868@example.com
ORD2083,ST_005,Monitor,Home,6,,2026-01-12,kabir.267@example.com
ORD2084,ST-002,Monitor,Toys,6,200.28,2025-04-12,ananya.425@example.com
ORD2085,st-003,Charger,Home,7,236.3,2025-10-20,rohan.22@example.com
ORD2086,ST-001,Kettle,Toys,4,226.9,2025-08-25,meera.269@example.com
ORD2087,ST-002,Jacket,Electronics,1,101.46,2025-08-08,neha.267@example.com
ORD2088,ST-002,Gadget,Apparel,3,236.92,2025-03-02,aarav.736@example.com
ORD2089,ST_005,Lamp,Home,8,31.39,2026-01-01,meera.196@example.com
ORD2090,st-003,Notebook,Home,7,34.29,2025-04-16,neha.221@example.com
ORD2091,st-003,Camera,Electronics,7,46.73,2025-03-16,aarav.298@example.com
ORD2092,st-003,Blender,Toys,8,,2025-07-09,karan.701@example.com
ORD2093,ST-002,Sneaker,Grocery,1,118.28,2025-06-15,noah.704@example.com
ORD2094,ST-002,Camera,Home,7,184.55,2025-05-12,ananya.98@example.com
ORD2095,ST_005,Widget,Grocery,6,232.9,2025-08-30,olivia.621@example.com
ORD2096,ST-002,Speaker,Toys,1,3.33,2025-09-16,neha.391@example.com
ORD2097,st-003,Lamp,Apparel,3,242.08,2025-10-14,vivaan.595@example.com
ORD2098,ST-002,Notebook,Electronics,8,232.72,2025-08-28,kabir.92@example.com
ORD2099,st-003,Camera,Toys,7,37.17,2025-03-01,liam.46@example.com
ORD2100,ST-002,Sneaker,Apparel,6,231.71,2025-05-25,james.628@example.com
ORD2101,st-003,Kettle,Apparel,7,223.38,2025-06-11,priya.783@example.com
ORD2102,ST-002,Kettle,Home,1,48.85,2025-01-28,rohan.188@example.com
ORD2103,ST-001,Sneaker,Apparel,3,177.08,2025-08-12,diya.917@example.com
ORD2104,ST-004,Widget,Home,6,247.23,2025-10-15,priya.469@example.com
ORD2105,ST-004,Gadget,Electronics,2,88.7,2025-04-15,emma.185@example.com
ORD2106,ST-002,Camera,Toys,5,141.69,2025-12-06,karan.218@example.com
ORD2107,ST_005,Widget,Toys,3,105.27,2025-02-09,rohan.787@example.com
ORD2108,ST-004,Monitor,Grocery,6,8.44,2025-12-15,diya.404@example.com
ORD2109,st-003,Headset,Grocery,6,40.14,2025-02-11,mateo.851@example.com
ORD2110,ST-002,Monitor,Home,8,157.83,2025-05-18,neha.674@example.com
ORD2111,ST-001,Backpack,Grocery,8,82.58,2026-01-10,karan.133@example.com
ORD2112,ST-002,Jacket,Grocery,5,82.15,2025-01-29,ananya.561@example.com
ORD2113,ST_005,Lamp,Grocery,7,65.28,2025-05-03,noah.92@example.com
ORD2114,ST-001,Jacket,Electronics,3,98.35,2025-07-26,emma.663@example.com
ORD2115,ST-002,Charger,Grocery,5,123.73,2025-08-10,emma.926@example.com
ORD2116,ST-002,Headset,Electronics,6,167.05,2025-07-08,arjun.205@example.com
ORD2117,ST-004,Sneaker,Home,8,68.58,2025-11-04,sophia.93@example.com
ORD2118,ST-004,Speaker,Apparel,3,109.66,2025-08-07,ananya.42@example.com
ORD2119,ST_005,Backpack,Home,4,162.61,2026-01-01,kabir.954@example.com
ORD2120,ST-004,Kettle,Toys,2,74.09,2025-08-12,ananya.929@example.com
ORD2121,ST-004,Notebook,Electronics,3,171.71,2025-06-03,rohan.536@example.com
ORD2122,ST-004,Notebook,Toys,1,138.65,2025-01-24,arjun.111@example.com
ORD2123,ST_005,Lamp,Home,2,117.23,2026-01-04,karan.833@example.com
ORD2124,st-003,Backpack,Apparel,2,192.62,2025-01-09,diya.759@example.com
ORD2125,ST-002,Sneaker,Electronics,3,211.04,2025-01-24,ananya.427@example.com
ORD2126,ST-002,Notebook,Apparel,8,189.82,2025-08-19,neha.828@example.com
ORD2127,st-003,Backpack,Electronics,4,47.9,2026-01-18,neha.266@example.com
ORD2128,ST-002,Gadget,Home,1,3.45,2025-03-01,aarav.176@example.com
ORD2129,ST-002,Sneaker,Home,7,217.46,2026-01-17,neha.744@example.com
ORD2130,ST-004,Notebook,Toys,6,173.28,2025-12-20,noah.824@example.com
ORD2131,st-003,Gadget,Electronics,3,5.44,2025-02-27,aarav.713@example.com
ORD2132,ST-002,Jacket,Grocery,4,121.32,2025-03-16,rohan.447@example.com
ORD2133,ST-002,Jacket,Toys,4,23.35,2026-01-30,mateo.152@example.com
ORD2134,ST-004,Lamp,Grocery,2,43.19,2025-03-20,mateo.987@example.com
ORD2135,ST-004,Sneaker,Grocery,8,147.14,2025-04-14,emma.584@example.com
ORD2136,ST-004,Widget,Apparel,-1,27.46,2026-01-01,sophia.426@example.com
ORD2137,ST-004,Camera,Toys,5,11.18,2025-07-24,priya.526@example.com
ORD2138,ST_005,Camera,Toys,8,59.51,2025-02-01,arjun.20@example.com
ORD2139,ST-004,Headset,Apparel,2,68.43,2025-11-28,sophia.911@example.com
ORD2140,ST-004,Gadget,Home,6,113.18,2025-08-12,aarav.166@example.com
ORD2141,st-003,Camera,Electronics,8,87.27,2025-04-29,arjun.225@example.com
ORD2142,ST_005,Monitor,Apparel,8,34.53,2025-05-31,noah.983@example.com
ORD2143,ST-004,Jacket,Apparel,8,200.34,2025-03-24,neha.213@example.com
ORD2144,st-003,Camera,Grocery,8,34.02,2025-04-13,ishaan.621@example.com
ORD2145,ST-004,Gadget,Home,8,77.31,2025-04-18,sara.49@example.com
ORD2146,ST-001,Backpack,Apparel,6,,2025-03-31,arjun.33@example.com
ORD2147,ST-001,Backpack,Home,2,155.16,2025-03-03,sara.230@example.com
ORD2148,ST-004,Notebook,Apparel,6,192.8,2026-01-30,sara.274@example.com
ORD2149,ST-002,Jacket,Toys,2,177.19,2025-08-13,mateo.986@example.com
ORD2150,ST-001,Gadget,Toys,2,206.26,2025-01-22,arjun.108@example.com
ORD2151,ST-002,Monitor,Grocery,4,227.92,2025-03-22,emma.726@example.com
ORD2152,ST-004,Speaker,Toys,8,183.67,2025-02-20,kabir.663@example.com
ORD2153,st-003,Backpack,Electronics,2,212.45,2025-08-13,sophia.788@example.com
ORD2154,ST-001,Blender,Home,6,,2025-03-29,ananya.273@example.com
ORD2155,st-003,Camera,Home,6,158.1,2025-05-06,kabir.772@example.com
ORD2156,ST_005,Lamp,Electronics,3,200.84,2025-07-31,sophia.920@example.com
ORD2157,ST-004,Jacket,Toys,6,236.05,2025-08-15,kabir.789@example.com
ORD2158,ST-001,Camera,Toys,2,23.02,2025-06-11,noah.791@example.com
ORD2159,ST-002,Lamp,Grocery,7,,2025-12-05,kabir.925@example.com
ORD2160,ST_005,Widget,Toys,5,105.99,2025-12-15,sara.895@example.com
ORD2161,st-003,Camera,Apparel,6,3.96,2025-05-24,arjun.626@example.com
ORD2162,ST-002,Camera,Home,8,161.68,2025-10-06,neha.808@example.com
ORD2163,ST_005,Monitor,Home,6,222.14,2026-02-05,noah.795@example.com
ORD2159,ST-002,Notebook,Grocery,1,135.28,2025-07-19,kabir.533@example.com
ORD2165,ST_005,Notebook,Electronics,2,128.89,2025-06-09,arjun.349@example.com
ORD2166,ST-002,Charger,Grocery,1,222.8,2025-10-04,karan.265@example.com
ORD2167,ST-002,Jacket,Apparel,7,246.76,2025-02-26,vivaan.862@example.com
ORD2168,st-003,Notebook,Toys,6,32.71,2026-01-23,diya.460@example.com
ORD2169,st-003,Headset,Grocery,8,86.07,2025-05-01,karan.580@example.com
ORD2170,ST-002,Monitor,Toys,4,88.88,2025-05-26,karan.689@example.com
ORD2171,ST-002,Camera,Home,4,28.1,2025-09-22,karan.198@example.com
ORD2172,st-003,Sneaker,Grocery,3,178.49,2025-07-30,ananya.95@example.com
ORD2173,ST-001,Lamp,Electronics,8,55.27,2025-02-09,olivia.694@example.com
ORD2174,ST_005,Lamp,Toys,7,218.26,2025-10-27,priya.652@example.com
ORD2175,ST-004,Sneaker,Home,7,206.31,2025-03-15,arjun.131@example.com
ORD2176,ST-004,Camera,Home,3,242.07,2025-09-20,arjun.121@example.com
ORD2177,ST-002,Blender,Home,8,10.09,2025-03-22,sara.379@example.com
ORD2178,ST-001,Headset,Home,2,31.97,2025-10-20,emma.42@example.com
ORD2179,ST_005,Charger,Grocery,-1,77.62,2025-07-11,emma.302@example.com
ORD2180,ST-004,Widget,Electronics,3,196.38,2025-08-04,vivaan.960@example.com
ORD2181,st-003,Notebook,Electronics,3,205.14,2025-09-08,aarav.126@example.com
ORD2182,ST_005,Backpack,Grocery,1,105.56,2025-10-21,emma.580@example.com
ORD2183,ST-004,Backpack,Home,8,208.95,2025-11-07,kabir.781@example.com
ORD2184,ST-002,Kettle,Home,8,167.47,2025-03-18,liam.92@example.com
ORD2185,ST_005,Monitor,Toys,7,98.03,2025-07-22,liam.554@example.com
ORD2186,ST-001,Monitor,Home,5,162.19,2025-03-26,aarav.586@example.com
ORD2187,ST-002,Speaker,Apparel,2,161.69,2025-02-13,meera.979@example.com
ORD2188,ST_005,Kettle,Toys,1,239.41,2025-09-25,meera.769@example.com
ORD2189,ST-004,Kettle,Grocery,2,165.25,2025-09-30,ishaan.986@example.com
ORD2190,ST-001,Notebook,Electronics,4,207.76,2025-10-24,mateo.87@example.com
ORD2191,ST_005,Headset,Apparel,7,148.05,2025-09-09,aarav.349@example.com
ORD2192,ST-004,Charger,Home,1,215.19,2025-06-12,noah.264@example.com
ORD2193,ST-001,Gadget,Grocery,3,72.77,2025-04-04,james.787@example.com
ORD2194,ST-001,Charger,Apparel,7,170.29,2025-01-31,neha.985@example.com
ORD2195,st-003,Charger,Grocery,1,75.91,2025-02-20,liam.146@example.com
ORD2196,ST-004,Backpack,Apparel,7,235.51,2025-03-03,vivaan.208@example.com
ORD2197,ST-002,Speaker,Toys,-1,124.26,2026-01-21,arjun.395@example.com
ORD2198,ST-001,Notebook,Grocery,6,117.28,2025-07-28,ananya.496@example.com
ORD2199,ST-001,Lamp,Electronics,1,68.75,2025-10-28,diya.253@example.com
